time_ms,ir,ax,ay,az,gx,gy,gz,label
48856,110410,49,3,3,1410,-16397,2157,S
48938,110647,-57,-9,-9,1585,-16319,1973,S
49020,110850,69,6,14,1392,-16379,1893,S
49102,110852,-85,13,-6,1124,-16447,1934,S
49199,109682,80,-6,-4,1488,-16533,1801,S
49281,109384,71,-3,8,1612,-16481,2513,S
49363,109465,63,22,6,1329,-16592,2010,S
49445,109601,12,13,4,1299,-16296,2436,S
49542,109636,-20,-10,-4,1375,-16344,2048,S
49624,109907,-9,-22,-16,1468,-16461,1949,S
49706,110074,7,15,27,1430,-15913,2016,S
49788,110253,-167,-2,-12,1190,-16495,2141,S
49887,109966,30,-6,6,1401,-16542,1786,S
49969,109128,-5,-12,3,1377,-16530,2019,S
50051,109132,-1,-12,-9,1519,-16467,1759,S
50148,110307,-4,-9,-44,1318,-16301,1790,S
50230,112308,-66,1,-13,1398,-16553,1884,S
50312,113152,33,6,14,1421,-16404,1952,S
50394,114056,15,19,13,1317,-16380,1858,S
50493,114413,88,30,14,1476,-16534,1830,S
50575,114890,93,32,32,1458,-16606,2213,S
50657,114212,63,15,13,1228,-16610,2172,S
50754,110968,-5,-2,7,1378,-16424,2198,S
50836,110551,4,8,2,1299,-16451,2170,S
50918,110544,-3,2,-6,1236,-16369,2365,S
51000,110670,19,-12,9,1289,-16579,2198,S
51097,111313,1,6,7,1092,-16389,2323,S
51179,111490,14,14,9,1347,-16409,2270,S
51261,111548,-3,4,15,1252,-16612,2149,S
51343,111758,38,2,19,1403,-16078,2285,S
51442,111641,12,4,11,1216,-16538,2197,S
51524,110681,14,-10,0,1313,-16384,2649,S
51606,110527,-2,-11,-5,1405,-16258,2482,S
51703,110715,-22,-15,-5,1327,-16507,2180,S
51785,110788,2,12,12,1279,-16428,2404,S
51867,110790,-11,-4,-6,1250,-16281,2399,S
51949,110875,11,7,10,1112,-16407,2510,S
52048,110979,68,19,5,1357,-16211,2518,S
52130,111106,14,13,22,969,-16459,2471,S
52212,111276,-32,-29,-20,1413,-16367,2530,S
52309,110265,-17,-3,-1,1066,-16306,2779,S
52391,109922,23,-8,4,1289,-16229,2532,S
52473,109893,-5,-5,4,1321,-16504,2660,S
52555,110119,1,-5,2,1222,-16429,2536,S
52652,110175,-16,-3,-2,1315,-16391,2524,S
52734,110380,19,2,1,1343,-16298,2607,S
52816,110590,1,-2,-6,1123,-16469,2568,S
52898,110788,-18,-3,0,1149,-16270,2638,S
52997,111001,-8,-5,-3,1196,-16330,2451,S
53079,111233,-15,-19,-7,1276,-16394,2579,S
53161,110391,12,8,5,1342,-16262,2431,S
53258,109994,60,12,1,1220,-16366,2338,S
53340,110016,42,5,13,1117,-16328,2774,S
53422,110163,-11,-10,-7,1209,-16261,2536,S
53504,110181,17,6,1,1226,-16385,2594,S
53603,110211,19,-12,7,1236,-16353,2727,S
53685,110407,-70,-11,-9,1148,-16348,2688,S
53767,110557,-157,-24,19,1053,-16508,2623,S
53864,110875,-478,-6,-61,1303,-16503,1985,S
53946,111697,-242,-23,-44,1442,-16674,1275,S
54028,111480,74,17,55,1766,-16217,780,S
54110,110670,103,-41,-10,1416,-15971,1713,S
54207,110612,3,-17,-5,1299,-16340,1396,S
54289,110571,31,14,11,1188,-16462,1593,S
54371,110377,29,1,8,1308,-16457,1758,S
54453,110406,12,0,12,1258,-16476,1725,S
54552,110669,17,-13,-9,1251,-16574,1646,S
54634,112825,-122,-16,-40,1370,-16459,1530,S
54716,114700,-472,-54,-126,1305,-16261,1266,S
54813,115830,-286,10,-66,1717,-16477,560,S
54895,115843,-32,26,-1,1554,-16421,631,S
54977,115143,-186,0,9,1716,-16650,43,S
55059,115097,37,51,15,1556,-16771,338,S
55158,115019,34,-22,-3,1366,-16818,213,S
55240,115214,283,25,55,1613,-16654,446,S
55322,115438,319,27,41,1450,-16365,1190,S
55419,115682,97,12,33,1476,-16357,1495,S
55501,115815,54,12,7,1389,-16361,1540,S
55583,115894,5,1,7,1477,-16379,1485,S
55665,115936,15,-4,3,1450,-16590,1344,S
55762,114563,55,-7,11,1528,-16500,1549,S
55844,113439,82,5,18,1280,-16409,1751,S
55926,113472,16,3,12,1449,-16453,1774,S
56008,113997,32,-4,4,1419,-16349,1707,S
56107,114153,49,-8,11,1530,-16618,1842,S
56189,114015,88,6,17,1243,-16268,2029,S
56271,113577,4,-6,4,1430,-16278,2027,S
56368,113219,-15,-17,16,1278,-16523,2027,S
56450,113198,-2,0,8,1287,-16501,1773,S
56532,113404,-1,-3,9,1441,-16422,2033,S
56614,113064,8,-1,3,1449,-16521,1888,S
56713,111727,-2,0,5,1382,-16246,2092,S
56795,111520,-22,8,7,1448,-16536,1816,S
56877,111675,-43,1,-1,1218,-16486,2001,S
56974,111784,-13,-3,5,1421,-16529,1885,S
57056,111889,-12,-1,5,1366,-16411,1842,S
57138,112156,-11,2,4,1378,-16523,1888,S
57220,112421,-18,3,3,1330,-16520,1909,S
57317,112785,3,-3,-8,1463,-16575,1892,S
57399,113006,2,1,3,1310,-16479,1922,S
57481,113155,6,-3,2,1295,-16499,1985,S
57563,111777,-20,-3,-4,1315,-16426,1971,S
57662,111328,-15,-8,-7,1393,-16417,2033,S
57744,111410,5,-9,-6,1453,-16534,1925,S
57826,111576,-10,3,1,1284,-16449,1838,S
57923,111607,2,-10,4,1347,-16540,1802,S
58005,111845,0,-8,0,1248,-16451,1963,S
58087,112119,4,3,-2,1322,-16392,1904,S
58169,112407,-3,-5,6,1346,-16408,2019,S
58266,112759,14,-1,1,1327,-16513,2041,S
58348,113146,-7,-10,-2,1301,-16570,1959,S
58430,112465,15,-1,-3,1230,-16427,2007,S
58512,111615,-2,-3,4,1460,-16388,2042,S
58594,111544,10,-1,6,1330,-16610,1896,S
58691,111722,-9,-4,2,1295,-16398,1982,S
58773,111578,-10,-8,8,1310,-16440,1962,S
58855,111544,-15,7,3,1218,-16455,2018,S
58937,111684,14,-3,9,1293,-16519,1981,S
59034,111768,-2,-3,4,1257,-16544,1966,S
59116,111843,-9,-3,-1,1228,-16213,2054,S
59198,111945,-21,2,0,1219,-16466,2202,S
59280,111877,10,-5,10,1276,-16460,1994,S
59377,110734,-11,8,8,1352,-16501,1895,S
59459,110523,-8,26,10,1189,-16453,1853,S
59541,110691,9,6,10,1385,-16411,1794,S
59623,110826,-7,-21,9,1125,-16426,2209,S
59720,110924,61,5,22,1134,-16422,2279,S
59802,111112,-98,1,-11,1218,-16144,2150,S
59884,111435,-175,-19,-32,1193,-16086,2005,S
59966,111964,-317,-35,-51,1393,-16571,1408,S
60065,112489,116,18,11,1763,-16714,1052,S
60147,112808,65,30,-2,1327,-16380,1435,S
60229,112111,2,14,-23,888,-16568,1494,S
60326,111092,52,3,-92,1791,-17228,1562,S
60408,111046,46,-27,-59,1770,-16783,2019,S
60490,111415,168,-91,-57,2518,-17613,1479,S
60572,111748,94,-230,-1,2947,-16324,1509,S
60669,111935,180,-304,35,1262,-16596,2466,S
60751,112058,-172,-397,-112,1591,-15969,1499,S
60833,112061,-32,-360,41,1734,-16478,197,S
60915,112254,113,-50,33,782,-15888,2100,S
60997,112321,-239,40,-33,2245,-16598,661,S
61094,112042,101,153,150,-605,-15072,2793,S
61176,110725,-67,-197,217,3726,-16684,1150,S
61258,110777,269,-12,158,2075,-15556,2941,S
61340,111503,310,-18,42,1088,-16121,2879,S
61437,111801,128,44,32,1374,-16116,3177,S
61519,111804,38,52,-3,1076,-16271,2429,S
61601,112009,95,2,-13,1405,-16145,3305,S
61683,112265,6,50,-19,1477,-16080,3279,S
61780,112555,9,73,-10,796,-16367,3021,S
61862,112694,-214,-8,-57,917,-16455,2779,S
61944,112871,69,33,18,1903,-16433,3043,S
62026,111803,13,21,-73,1589,-16912,2672,S
62123,111013,-100,75,-210,1452,-15916,3990,S
62205,111159,-90,91,-114,2230,-15549,3510,S
62287,111665,-50,37,-65,1527,-16058,2274,S
62369,111632,-54,0,-6,1850,-16092,2931,S
62468,112078,23,25,29,1454,-16686,2370,S
62550,112542,13,63,-47,1075,-16038,2798,S
62632,112788,-338,-36,-95,1194,-16445,1991,S
62729,113145,-263,-129,15,1698,-17315,1056,S
62811,113549,207,-154,168,2699,-16278,2510,S
62893,113231,289,-74,102,2193,-15900,3241,S
62975,112561,-333,-193,39,1224,-17259,1432,S
63072,112708,286,-45,121,2484,-16075,2344,S
63154,113014,-74,6,-10,1540,-16300,2548,S
63236,113206,-17,-3,0,943,-16550,1527,S
63318,113312,-23,-29,37,1111,-16153,2345,S
63417,113816,-259,-104,-6,412,-16360,2102,S
63499,114217,-63,-237,349,1768,-16615,445,S
63581,114375,-1183,-39,44,172,-15729,1947,S
63678,114848,-1196,-68,-289,946,-16873,-1315,S
63760,114386,-590,-127,-137,1904,-16869,-3842,S
63842,113504,522,-34,-16,2372,-16927,-2258,S
63924,113662,669,25,-73,1697,-18978,-1763,S
64021,115157,-644,-237,-105,1401,-16174,533,S
64103,116292,-1325,-346,-99,1387,-15212,-2021,S
64185,118115,-1143,-71,-64,2276,-15273,-5935,S
64267,119270,-11,99,42,2598,-14855,-8985,S
64366,119049,855,280,-17,1757,-16492,-4163,S
64448,118399,1553,277,112,2209,-16596,-4873,S
64530,117523,1729,507,278,1552,-15714,199,S
64627,115349,764,533,230,895,-16225,2933,S
64709,114605,-817,-145,-139,942,-15592,2746,S
64791,114953,-599,-185,-9,1974,-16290,-669,S
64873,115529,-1425,-258,-293,1201,-16150,858,S
64970,116807,-1713,-711,-484,819,-16360,-3165,S
65052,118335,-182,-361,-29,1475,-15485,-4263,S
65134,119041,150,-108,43,3590,-19818,-8972,S
65216,119368,498,118,-50,2260,-15828,-6224,S
65315,119727,1394,370,273,2695,-17065,-3038,S
65397,120107,1488,240,59,1262,-17658,-674,S
65479,120009,524,210,14,1610,-15857,1458,S
65576,119124,94,45,-8,1114,-16200,2851,S
65658,119815,-183,-20,-41,1756,-16570,1326,S
65740,120097,44,11,0,1273,-16175,1621,S
65822,120015,-292,-28,-25,1514,-16530,2119,S
65919,119541,-303,-49,-56,1620,-15953,1068,S
66001,119804,-484,-110,-91,1735,-16443,822,S
66083,120430,-912,-160,-97,1610,-16841,-677,S
66165,120662,-986,-172,-157,2096,-15802,-2101,S
66264,120820,-821,-177,-128,2197,-15808,-3681,S
66346,120574,-392,-19,4,2581,-17617,-4709,S
66428,120220,-153,-237,-358,2438,-15793,-3584,S
66525,120252,-379,-158,-126,3110,-14617,-5435,S
66607,120390,131,38,28,2589,-14846,-6125,S
66689,120193,277,276,177,2997,-15646,-4417,S
66771,120105,-14,333,190,2673,-15041,-3794,S
66868,120031,420,110,157,2524,-16870,-4135,S
66950,120092,117,-74,-13,2490,-17109,-3498,S
67032,120425,78,-141,-79,2503,-17085,-3929,S
67114,121000,-166,-151,-141,2060,-15057,-3145,S
67196,119974,-7,-112,-59,2508,-15531,-3229,S
67293,119887,-79,-50,-29,2845,-16475,-4233,S
67375,120227,20,-43,-69,2745,-15688,-3881,S
67457,120080,-89,-3,-106,2984,-15756,-4382,S
67539,119689,86,16,-34,2996,-16041,-4197,S
67636,119818,3,-37,-70,2908,-15462,-3823,S
67718,120072,40,-21,-50,3114,-16376,-4199,S
67800,120187,219,-28,-55,3411,-16534,-3874,S
67882,119673,-111,-66,-186,3373,-15555,-3919,S
67979,119903,59,-7,-48,3769,-15592,-4111,S
68061,120134,58,66,122,2841,-15578,-3303,S
68143,120123,-89,44,-57,3676,-15857,-4258,S
68225,120589,-5,-10,10,3442,-15239,-3817,S
68322,120572,-47,-8,20,3697,-15617,-3866,S
68404,120595,-105,-168,137,3433,-16172,-3345,S
68486,120584,-543,-94,-4,3310,-15104,-4964,S
68568,120244,200,46,129,3342,-16572,-6198,S
68667,120396,362,113,165,3070,-15991,-4040,S
68749,120325,118,82,94,2882,-16365,-3558,S
68831,118613,53,-25,73,2899,-16302,-3987,S
68928,116082,0,-18,22,2569,-16057,-4118,S
69010,115410,40,5,23,2650,-15546,-4065,S
69092,115604,72,0,36,2635,-16148,-3729,S
69174,115425,-25,-3,-6,2527,-16070,-3918,S
69271,115474,33,8,15,2689,-15903,-3821,S
69353,115618,13,-5,24,2675,-15958,-3785,S
69435,116024,40,5,12,2459,-16311,-3580,S
69517,116502,31,-3,10,2500,-16185,-3512,S
69616,115826,25,-17,-6,2644,-16219,-3670,S
69698,115154,28,0,10,2668,-16229,-3536,S
69780,115401,27,8,17,2634,-15980,-3657,S
69877,115754,18,-5,8,2549,-16002,-3674,S
69959,115734,30,-2,12,2781,-16031,-3451,S
70041,115827,-2,1,11,2723,-16161,-3448,S
70123,116078,9,-3,-1,2640,-16192,-3599,S
70220,116347,6,0,6,2581,-16070,-3401,S
70302,116592,10,0,3,2497,-16171,-3375,S
70384,116682,-10,1,-17,2484,-16033,-3531,S
70466,115423,11,-5,-4,2606,-16097,-3395,S
70548,115043,-3,-5,-3,2477,-16120,-3307,S
70645,115262,12,1,9,2579,-16204,-3632,S
70727,115602,-4,-15,-2,2441,-16157,-3400,S
70809,115741,18,1,-1,2480,-15911,-3257,S
70891,115874,35,0,-1,2566,-15993,-3322,S
70988,116224,16,6,16,2504,-16210,-3312,S
71070,117115,8,-9,-22,2537,-15938,-3374,S
71152,118961,45,7,-8,2517,-16163,-3135,S
71234,119639,-5,18,13,2559,-16160,-3344,S
71331,118216,-7,5,-6,2509,-16144,-3479,S
71413,118033,16,4,9,2479,-16105,-3127,S
71495,117581,-13,-5,6,2602,-16118,-3212,S
71577,117592,9,-13,-1,2500,-16140,-3302,S
71674,117450,0,-9,0,2510,-16232,-3247,S
71756,117652,-22,12,5,2515,-16185,-3436,S
71838,117843,-35,-1,3,2621,-16179,-3359,S
71920,118073,-9,1,-1,2472,-16123,-3236,S
72019,118226,19,-9,8,2555,-16301,-3223,S
72101,118200,-16,-3,10,2668,-16188,-3487,S
72183,116640,0,-9,3,2407,-16055,-3260,S
72280,116429,14,5,-1,2499,-16125,-3287,S
72362,116629,4,-5,-1,2679,-16089,-3326,S
72444,116825,-3,8,-1,2530,-16297,-3245,S
72526,116835,-25,-3,-5,2513,-16019,-3376,S
72623,117122,13,-6,7,2574,-16243,-3280,S
72705,117383,-14,-3,0,2474,-16252,-3389,S
72787,117572,2,-3,1,2584,-16262,-3295,S
72869,117793,-1,9,-8,2435,-16073,-3114,S
72968,117131,6,-7,7,2435,-16220,-3260,S
73050,116292,16,1,7,2693,-16151,-3244,S
73132,116409,-18,-8,-1,2534,-16251,-3313,S
73229,116803,21,4,5,2412,-16178,-3323,S
73311,116792,-1,10,1,2492,-16323,-3366,S
73393,116943,-26,-18,-3,2550,-16097,-3541,S
73475,117215,26,10,1,2289,-16190,-3085,S
73572,117495,8,-5,1,2561,-16325,-3439,S
73654,117738,-27,-3,10,2696,-15918,-3281,S
73736,117928,11,6,-5,2626,-16113,-3233,S
73818,117742,15,-2,4,2452,-16234,-3384,S
73900,116385,-8,-5,12,2589,-16233,-3268,S
73997,116379,-15,-1,-9,2704,-16269,-3425,S
74079,116701,9,3,-1,2516,-16361,-3411,S
74161,116839,-27,-8,3,2555,-16312,-3349,S
74243,116900,3,7,2,2563,-16157,-3408,S
74340,117137,1,-3,0,2636,-16143,-3506,S
74422,117396,-24,-7,3,2533,-16126,-3252,S
74504,117623,58,-4,11,2617,-16140,-3639,S
74586,117827,13,15,0,2331,-16190,-3132,S
74683,118135,8,0,4,2531,-16146,-3355,S
74765,116920,-3,-10,8,2535,-16028,-3291,S
74847,116424,32,-3,7,2483,-16133,-3267,S
74929,116525,-24,-9,-14,2516,-16264,-3291,S
75026,116891,14,-3,0,2525,-16205,-3178,S
75108,116973,15,-5,5,2448,-16225,-3452,S
75190,117105,0,-3,-3,2865,-16198,-3128,S
75272,117398,18,-2,1,2441,-16164,-3285,S
75354,117619,-4,-9,-4,2559,-16146,-3380,S
75451,117862,-22,0,-3,2428,-15981,-3293,S
75533,116493,29,-2,9,2554,-15889,-3177,S
75615,118262,0,-2,-9,2567,-16141,-3272,S
75697,117332,18,1,4,2405,-16285,-3250,S
75794,116418,-9,-3,-5,2728,-16194,-3287,S
75876,116600,2,-9,0,2349,-16211,-3184,S
75958,116958,-59,-25,11,2268,-16246,-3472,S
76040,116973,6,9,-13,2919,-16212,-3374,S
76137,116929,-66,-21,-6,2146,-16373,-3744,S
76219,116986,68,20,-1,2711,-16115,-3252,S
76301,116963,-7,-6,-3,2437,-16261,-3827,S
76383,117183,-8,0,-1,2612,-16075,-3409,S
76480,117405,3,-2,5,2355,-16350,-3670,S
76562,117621,-4,4,-2,2909,-16203,-3275,S
76644,116269,-3,-5,1,2201,-16207,-3477,S
76726,116014,-16,-6,-4,2731,-16392,-3306,S
76808,116139,28,6,12,2367,-16177,-3392,S
76905,116437,18,3,3,2414,-16267,-3114,S
76987,117130,-23,-8,6,2591,-16354,-3543,S
77069,116841,53,5,9,2570,-16215,-3079,S
77151,117021,-28,29,-42,2412,-16149,-3455,S
77248,117129,-87,89,1,2636,-16809,-3700,S
77330,117371,-57,13,-20,2789,-15793,-3220,S
77412,117658,-37,-3,3,2735,-16238,-3424,S
77494,117696,138,27,32,2706,-16182,-3583,S
77591,115752,150,-1,43,2648,-16097,-2763,S
77673,115399,60,-32,15,2393,-16060,-3154,S
77755,115380,17,-11,12,2644,-15892,-2746,S
77837,115357,42,-3,4,2588,-16447,-2793,S
77936,115250,18,-26,9,2452,-16382,-3169,S
78018,115401,55,-10,9,2648,-16527,-2737,S
78100,115481,-1,-23,2,2457,-16427,-2978,S
78197,115695,8,-4,5,2490,-16111,-3070,S
78279,115820,-34,2,19,2480,-16260,-2865,S
78361,115907,18,12,16,2507,-16210,-2887,S
78443,114654,-10,0,10,2470,-16231,-2857,S
78540,114041,1,-6,-6,2482,-16227,-2891,S
78622,114269,-9,-19,-4,2424,-16424,-2916,S
78704,114245,11,2,3,2333,-16410,-2705,S
78786,114140,-1,-7,0,2395,-16261,-2903,S
78868,114178,-7,-4,7,2523,-16208,-2811,S
78965,114336,-15,-5,6,2546,-16182,-2912,S
79047,114503,-1,1,6,2393,-16176,-2787,S
79129,114643,11,-17,-1,2550,-16254,-2848,S
79211,114796,-16,-1,4,2384,-16150,-2891,S
79308,113158,-6,-3,0,2430,-16338,-2895,S
79390,112979,-4,-14,3,2468,-16206,-2772,S
79472,114148,1,4,-3,2503,-16247,-2697,S
79554,115856,-5,-11,-4,2251,-16163,-2765,S
79651,116930,2,1,-8,2468,-16321,-2890,S
79733,117216,3,18,8,2402,-16434,-2792,S
79815,117479,-5,16,0,2425,-16354,-2730,S
79897,117654,8,-6,2,2391,-16267,-2750,S
79994,117856,17,-5,7,2401,-16213,-2764,S
80076,117921,10,7,11,2491,-16299,-2911,S
80158,116299,1,-8,0,2367,-16199,-2728,S
80240,116045,12,-5,-3,2470,-16135,-2905,S
80322,116174,1,-7,5,2339,-16270,-2832,S
80419,116434,6,-5,6,2386,-16294,-2919,S
80501,116502,17,-4,-2,2256,-16147,-2778,S
80583,116666,1,-2,10,2508,-16044,-2801,S
80665,116932,3,-7,-4,2558,-16287,-2815,S
80762,117221,7,-3,4,2401,-16185,-2919,S
80844,117443,-7,-2,-8,2360,-16178,-2878,S
80926,117661,3,-4,3,2288,-16237,-2882,S
81008,116826,5,0,2,2491,-16177,-2922,S
81105,115806,-3,-7,3,2476,-16296,-2919,S
81187,115866,-10,-15,-5,2464,-16197,-2789,S
81269,116236,-10,-3,3,2483,-16168,-2800,S
81351,116335,-8,-11,7,2422,-16262,-2696,S
81450,116474,0,-1,2,2355,-16324,-2783,S
81532,116802,-3,-11,2,2374,-16314,-2787,S
81614,117059,-21,0,3,2508,-16296,-2849,S
81711,117383,-7,-9,3,2422,-16290,-2938,S
81793,117609,-4,1,-3,2418,-16299,-2694,S
81875,117579,1,-2,-5,2441,-16316,-2868,S
81957,116103,-21,-4,3,2521,-16351,-2827,S
82054,116027,6,1,2,2465,-16271,-2670,S
82136,116257,-4,-5,-2,2496,-16248,-2865,S
82218,116440,-14,-4,-10,2375,-16360,-2756,S
82300,116478,14,-7,4,2423,-16294,-2698,S
82382,116639,-12,-7,1,2391,-16297,-2783,S
82479,116930,-12,3,5,2347,-16236,-2727,S
82561,117171,-4,-2,-2,2409,-16224,-2804,S
82643,117272,9,7,11,2436,-16163,-2788,S
82725,117541,-18,-2,6,2406,-16331,-2783,S
82822,116155,-3,-10,2,2569,-16261,-2712,S
82904,115843,9,-1,-3,2417,-16188,-2803,S
82986,115956,-4,5,-6,2437,-16336,-2837,S
83068,116239,6,-1,13,2374,-16181,-2688,S
83165,116199,9,-1,1,2427,-16142,-2725,S
83247,116354,4,-12,1,2616,-16223,-2804,S
83329,116567,6,-3,5,2346,-16147,-2835,S
83411,116816,10,-5,-2,2426,-16090,-2763,S
83508,116981,8,0,4,2473,-16236,-2908,S
83590,117211,6,6,5,2370,-16096,-2831,S
83672,116685,10,5,17,2436,-16158,-2800,S
83754,115591,4,-7,-2,2468,-16274,-2775,S
83836,115639,-10,-5,6,2402,-16158,-2845,S
83933,115900,1,0,2,2284,-16344,-2851,S
84015,116688,-3,-5,-4,2517,-16232,-2880,S
84097,116115,8,-1,-4,2377,-16394,-2765,S
84179,116350,-9,0,-7,2553,-16163,-2886,S
84276,116591,-17,-8,-1,2499,-16245,-2791,S
84358,116861,14,-3,13,2426,-16201,-2927,S
84440,117067,-14,-5,3,2280,-16200,-2750,S
84522,117278,-3,0,-2,2465,-16261,-2768,S
84619,116396,28,1,12,2412,-16169,-2850,S
84701,115588,-11,10,-2,2257,-16158,-2891,S
84783,115631,-3,-8,2,2478,-16301,-2862,S
84865,115918,5,2,0,2406,-16392,-2928,S
84964,116005,-4,1,1,2261,-16285,-2851,S
85046,116172,-4,-5,3,2513,-16332,-2890,S
85128,116436,6,-12,17,2519,-16312,-2718,S
85225,116732,-10,-11,3,2388,-16359,-2826,S
85307,116950,5,-4,3,2386,-16176,-2777,S
85389,117124,-28,-6,-3,2417,-16342,-2842,S
85471,117362,4,-8,-1,2309,-16120,-2804,S
85568,116154,-15,-3,3,2272,-16167,-2741,S
85650,115598,24,1,7,2335,-16252,-2843,S
85732,115648,-1,-5,-2,2506,-16217,-3035,S
85814,115969,12,-4,6,2364,-16028,-2588,S
85896,116061,2,-1,1,2483,-16200,-2931,S
85993,116209,17,-6,5,2369,-16269,-2807,S
86075,117258,-21,-7,2,2358,-16209,-2989,S
86157,116719,-11,-6,0,2401,-16216,-2691,S
86239,116907,-6,-16,1,2373,-16324,-2901,S
86336,117135,5,-1,-6,2506,-16322,-2899,S
86418,117333,-21,3,-8,2424,-16362,-2981,S
86500,116088,-14,-10,8,2327,-16247,-2918,S
86582,115639,-10,-18,2,2535,-16247,-2884,S
86679,115790,-1,-9,9,2424,-16261,-2882,S
86761,116126,-15,-1,-3,2452,-16254,-2812,S
86843,116166,-7,0,5,2202,-16242,-2863,S
86925,116292,-12,-3,-3,2408,-16283,-2818,S
87022,116568,-19,-6,7,2514,-16220,-2866,S
87104,116814,-9,-3,10,2468,-16277,-2928,S
87186,116985,-5,-12,0,2256,-16283,-2757,S
87268,117228,0,-3,10,2418,-16093,-2814,S
87350,117104,-2,1,4,2283,-16228,-2863,S
87447,115726,-14,-8,-3,2475,-16230,-2822,S
87529,116209,-9,-1,-3,2448,-16303,-2822,S
87611,116266,1,-3,1,2378,-16330,-2776,S
87693,116304,-6,-1,9,2329,-16268,-2889,S
87790,116334,7,-9,0,2582,-16099,-2826,S
87872,116603,-3,2,7,2476,-16287,-2807,S
87954,116828,0,-4,2,2544,-16189,-3006,S
88036,117017,4,-9,6,2418,-16282,-2983,S
88133,117261,6,5,11,2360,-16397,-2756,S
88215,117145,-10,2,1,2281,-16202,-2858,S
88297,115805,3,-1,-10,2295,-16210,-2788,S
88379,115838,-7,-5,-9,2263,-16223,-2992,S
88478,116110,-32,-6,1,2398,-16395,-2727,S
88560,116294,3,-9,1,2343,-16348,-2947,S
88642,116334,-1,-4,-5,2332,-16117,-2737,S
88739,116605,-9,-7,-6,2426,-16292,-2916,S
88821,116860,14,3,3,2218,-16318,-2968,S
88903,117035,-32,0,-10,2509,-16233,-2866,S
88985,117258,16,-1,-1,2380,-16335,-2974,S
89082,117312,-6,-1,1,2476,-16331,-2954,S
89164,115919,-8,-5,-7,2420,-16288,-2796,S
89246,115723,2,0,-1,2251,-16405,-2738,S
89328,115871,-10,-2,-3,2554,-16385,-2764,S
89410,116174,-3,-3,3,2403,-16220,-2790,S
89507,116144,-5,-1,-2,2339,-16095,-2858,S
89589,116437,-4,-4,3,2388,-16322,-2733,S
89671,116720,15,-3,3,2335,-16159,-2756,S
89753,116970,1,0,8,2335,-16213,-2622,S
89850,117239,4,-3,6,2413,-16334,-2783,S
89932,117480,-15,-2,-3,2307,-16124,-2687,S
90014,116561,1,3,8,2413,-16376,-2607,S
90096,115838,7,-3,-3,2377,-16138,-2833,S
90193,115921,-1,-2,-3,2318,-16205,-2744,S
90275,116247,12,-6,-3,2408,-16304,-2764,S
90357,116244,0,-6,11,2435,-16228,-2795,S
90439,116373,-7,-4,-2,2489,-16290,-2746,S
90538,116600,-8,-6,-4,2272,-16059,-2892,S
90620,116752,11,8,0,2342,-16365,-2915,S
90702,116867,-18,1,-8,2419,-16281,-2818,S
90799,117203,18,6,-4,2541,-16360,-2885,S
90881,116079,-10,-6,2,2397,-16290,-2764,S
90963,115573,15,-3,1,2418,-16306,-2847,S
91045,115626,-6,-1,6,2508,-16167,-2921,S
91142,115961,23,0,14,2352,-16136,-2828,S
91224,115971,-12,9,1,2447,-16242,-2736,S
91306,116113,8,0,14,2330,-16284,-2713,S
91388,116327,-10,-1,10,2369,-16127,-2740,S
91470,116547,-12,0,5,2294,-16357,-2823,S
91567,116778,52,6,22,2494,-16100,-2772,S
91649,117002,-39,-9,1,2299,-15996,-2741,S
91731,116571,38,-4,14,2349,-16220,-2690,S
91813,115453,5,5,3,2292,-16268,-2884,S
91910,115442,-25,-7,0,2258,-16248,-2827,S
91992,115740,12,-4,2,2478,-16352,-2822,S
92074,115820,-20,-9,-4,2377,-16354,-2628,S
92156,115927,-10,-3,5,2227,-16366,-2882,S
92253,116220,0,-6,1,2390,-16354,-2768,S
92335,116456,-2,-2,8,2517,-16373,-2834,S
92417,116640,0,9,3,2422,-16186,-2709,S
92499,116850,3,1,2,2503,-16240,-2682,S
92598,116910,10,-3,-3,2376,-16269,-2888,S
92680,115613,-19,-10,-7,2489,-16342,-2670,S
92762,115484,16,4,-2,2419,-16300,-2695,S
92859,115662,-18,-3,-5,2346,-16279,-2943,S
92941,115879,4,-15,4,2267,-16275,-2811,S
93023,115865,-21,-1,6,2517,-16113,-3064,S
93105,116135,6,1,-5,2352,-16104,-2623,S
93202,116408,-29,-10,8,2436,-16317,-2737,S
93284,116651,17,2,2,2421,-16198,-2720,S
93366,116836,29,2,-3,2464,-16215,-2987,S
93448,117012,7,-8,1,2314,-16158,-2666,S
93530,116516,-7,-3,-3,2398,-16316,-2808,S
93627,115300,-47,-7,-2,2293,-16233,-2866,S
93709,116010,-16,-8,0,2515,-16144,-2849,S
93791,115706,0,-14,3,2599,-16290,-2928,S
93873,115853,-18,-1,7,2629,-16341,-2772,S
93970,115977,0,0,3,2339,-16133,-2987,S
94052,116284,-1,1,-9,2440,-16236,-2898,S
94134,116562,21,2,9,2310,-16218,-2676,S
94216,116753,-3,-4,-6,2463,-16312,-3014,S
94313,116950,-14,-3,-1,2624,-16012,-2814,S
94395,117217,31,7,10,2303,-16173,-2687,S
94477,116105,-26,-1,5,2376,-16215,-2890,S
94559,115423,-16,-12,2,2470,-16236,-2677,S
94658,115458,31,3,-2,2339,-16282,-2794,S
94740,115865,-29,-17,-2,2272,-16219,-2706,S
94822,115899,-12,-8,3,2426,-16366,-2904,S
94919,116136,-13,6,-1,2460,-16226,-2802,S
95001,116398,-20,-6,-2,2307,-16183,-2990,S
95083,116670,-4,-6,-4,2421,-16392,-2837,S
95165,116882,-10,-6,3,2404,-16375,-2842,S
95264,117128,-2,-2,1,2515,-16247,-2732,S
95346,117258,-5,-13,3,2416,-16293,-3020,S
95428,115778,2,4,7,2630,-16445,-3032,S
95525,115637,-33,-9,-6,2448,-16232,-2804,S
95607,115811,21,-1,2,2374,-16160,-2962,S
95689,116069,-13,-8,3,2420,-16217,-2971,S
95771,116135,8,6,1,2308,-16282,-2741,S
95868,116389,-5,-7,-1,2410,-16278,-2911,S
95950,116697,-7,0,-4,2337,-16273,-2760,S
96032,116927,-19,-10,0,2472,-16398,-2996,S
96114,117183,-1,-14,10,2499,-16232,-3012,S
96196,117352,-3,-2,0,2258,-16195,-2734,S
96293,116630,2,-4,3,2244,-16406,-2825,S
96375,116086,-19,4,-5,2436,-16166,-2803,S
96457,115797,-15,-7,-7,2354,-16262,-2812,S
96539,116119,1,2,4,2190,-16268,-3055,S
96636,116242,1,-8,1,2398,-16181,-2928,S
96718,116392,-9,-9,-3,2451,-16294,-3056,S
96800,116664,-3,-10,3,2506,-16312,-2920,S
96882,116947,-23,-6,-7,2428,-16295,-2749,S
96979,117253,-9,-7,-1,2519,-16162,-2734,S
97061,117460,-5,-16,-1,2446,-16275,-2884,S
97143,117568,-1,-1,3,2502,-16350,-3022,S
97225,116115,-13,-1,0,2375,-16170,-2670,S
97324,115865,-9,-9,-6,2437,-16310,-2760,S
97406,116069,-14,-5,-5,2355,-16487,-2808,S
97488,116353,-5,-3,-2,2437,-16259,-2802,S
97585,116378,0,10,-6,2303,-16261,-2917,S
97667,116575,-2,7,0,2481,-16068,-2843,S
97749,116790,-7,-2,10,2444,-16303,-2924,S
97831,116967,0,3,5,2550,-16240,-2854,S
97930,117136,15,-7,6,2294,-16311,-2796,S
98012,117237,14,2,7,2417,-16248,-2855,S
98094,115861,-11,-4,2,2277,-16203,-2843,S
98191,115667,-3,-6,3,2358,-16248,-2741,S
98273,115795,-9,-6,0,2402,-16348,-3000,S
98355,115891,8,3,4,2340,-16251,-2915,S
98437,115905,12,1,5,2415,-16185,-2893,S
98534,116093,5,-3,3,2437,-16350,-2889,S
98616,116277,-31,-6,0,2467,-16322,-2812,S
98698,116448,0,-3,8,2425,-16155,-2681,S
98780,116690,-5,-6,2,2359,-16300,-3021,S
98862,116836,2,2,7,2367,-16328,-2849,S
98959,115397,-3,-9,-7,2402,-16150,-3014,S
99041,115887,-5,-9,2,2420,-16149,-2738,S
99123,115727,-6,4,-1,2344,-16115,-2885,S
99205,115934,-10,5,4,2497,-16181,-2912,S
99302,116005,-1,9,0,2283,-16116,-2871,S
99384,116246,-6,-10,-4,2265,-16244,-2835,S
99466,116484,6,-10,4,2497,-16209,-2818,S
99548,116697,-10,-5,-10,2479,-16254,-2944,S
99645,116951,-10,0,-3,2357,-16132,-3014,S
99727,116036,2,-3,2,2367,-16284,-2847,S
99809,115381,-10,-17,-5,2606,-16328,-2752,S
99891,115724,-13,-8,2,2479,-16319,-2919,S
99990,116635,-4,-14,-1,2351,-16331,-2880,S
100072,117206,-3,8,2,2487,-16381,-2760,S
100154,117358,-6,-12,-11,2409,-16212,-2947,S
100251,117644,-11,-7,0,2432,-16364,-2788,S
100333,117808,-4,1,15,2455,-16307,-2954,S
100415,118034,-4,-6,-2,2457,-16305,-2709,S
100497,118122,7,-5,4,2428,-16162,-3087,S
100596,116463,1,1,3,2267,-16194,-2939,S
100678,116564,-15,-9,-5,2373,-16195,-2859,S
100760,117075,3,0,1,2272,-16272,-2838,S
100857,118649,-9,-2,1,2422,-16112,-2936,S
100939,119496,3,-12,-10,2442,-16231,-2841,S
101021,119987,-28,9,7,2351,-16214,-2766,S
101103,119931,8,9,7,2414,-16260,-2684,S
101200,119587,-23,5,9,2222,-16291,-2654,S
101282,119461,0,3,11,2318,-16226,-2810,S
101364,118263,13,-12,5,2421,-16177,-3104,S
101446,116811,-3,-10,-2,2421,-16274,-2912,S
101528,116842,12,-2,9,2440,-16222,-2755,S
101625,117096,15,-6,4,2299,-16339,-2958,S
101707,117059,-10,-12,6,2414,-16295,-2937,S
101789,117265,-8,-6,-1,2375,-16264,-2739,S
101871,117510,-1,-4,-8,2417,-16258,-3080,S
101968,117824,-7,-4,1,2380,-16174,-2774,S
102050,118031,-1,-1,0,2319,-16294,-2905,S
102132,118305,-8,-6,3,2472,-16170,-2950,S
102214,117877,9,5,-1,2426,-16194,-2708,S
102311,116552,5,-5,0,2397,-16318,-2773,S
102393,116698,-8,-9,0,2360,-16248,-2834,S
102475,117069,-6,-4,10,2307,-16460,-2835,S
102557,117234,-15,-4,-5,2590,-16370,-2931,S
102656,117356,-6,-4,-2,2364,-16187,-2886,S
102738,117658,-3,-1,2,2441,-16293,-2939,S
102820,117945,-5,-4,2,2270,-16264,-2763,S
102917,118206,-13,8,1,2380,-16270,-2874,S
102999,118365,11,0,-9,2417,-16200,-2678,S
103081,118523,6,-1,1,2514,-16368,-2796,S
103163,117033,-16,-4,-7,2405,-16152,-2789,S
103260,116604,3,0,-3,2507,-16332,-2774,S
103342,116760,-2,8,-6,2446,-16272,-2779,S
103424,117164,3,-3,-1,2457,-16200,-2767,S
103506,117166,-1,-2,-2,2398,-16424,-2856,S
103588,117356,-4,-2,0,2476,-16382,-2862,S
103685,117736,-10,-12,-3,2442,-16262,-2991,S
103767,118012,2,-2,8,2331,-16307,-2776,S
103849,118238,-2,3,-6,2245,-16305,-3084,S
103931,118476,-9,-3,3,2425,-16241,-2866,S
104028,118608,7,3,5,2389,-16217,-2821,S
104110,117131,-6,5,-5,2494,-16276,-3024,S
104192,116963,7,-1,10,2506,-16249,-2847,S
104274,117201,-2,-5,-2,2441,-16292,-2752,S
104371,117603,4,0,-2,2431,-16130,-2818,S
104453,117594,-1,1,5,2540,-16132,-2882,S
104535,117816,1,-8,-2,2407,-16220,-2924,S
104617,118075,5,-1,3,2472,-16354,-2862,S
104716,118323,-5,-6,-1,2440,-16192,-2814,S
104798,118557,-10,-4,13,2384,-16272,-2905,S
104880,118773,0,9,8,2321,-16292,-2813,S
104977,117558,-2,-5,3,2417,-16161,-2951,S
105059,116935,5,0,1,2365,-16276,-2885,S
105141,117140,13,-2,7,2367,-16133,-2763,S
105223,117559,2,5,11,2387,-16210,-2649,S
105320,117691,7,0,-2,2424,-16274,-2818,S
105402,117929,-24,1,-1,2446,-16205,-2648,S
105484,118192,23,0,-6,2163,-16310,-2878,S
105566,118438,-10,-6,9,2378,-16280,-2784,S
105648,118676,2,-10,-3,2363,-16254,-2910,S
105745,118831,-5,2,1,2564,-16262,-2961,S
105827,117358,-9,-3,-7,2350,-16214,-2806,S
105909,117912,-10,-7,-5,2426,-16290,-2901,S
105991,117228,7,-9,-2,2400,-16246,-2780,S
106088,117402,14,-3,5,2202,-16173,-2796,S
106170,117788,3,-1,4,2517,-16131,-2944,S
106252,117823,-17,-9,1,2328,-16232,-2967,S
106334,118033,0,-3,2,2367,-16246,-2936,S
106431,118372,0,-12,2,2408,-16181,-2674,S
106513,118609,-6,-1,2,2168,-16179,-2769,S
106595,118787,10,-3,3,2440,-16164,-2947,S
106677,118967,-3,-6,-8,2376,-16113,-2924,S
106776,119077,-8,-5,-6,2479,-16283,-2928,S
106858,117865,-5,-13,-6,2361,-16143,-2735,S
106940,117360,-3,3,2,2445,-16347,-2937,S
107037,117706,-8,-5,-4,2547,-16209,-2749,S
107119,118025,4,-5,6,2331,-16172,-2731,S
107201,118073,4,-6,2,2353,-16255,-2755,S
107283,118262,1,-8,6,2402,-16139,-2865,S
107380,118508,2,-3,6,2393,-16261,-2968,S
107462,118645,6,-3,3,2440,-16359,-3097,S
107544,118756,-1,-4,2,2604,-16239,-2924,S
107626,119016,-4,4,2,2369,-16094,-2687,S
107708,118163,9,-7,-4,2256,-16236,-2721,S
107805,117222,5,1,4,2439,-16314,-2947,S
107887,118147,1,-6,1,2297,-16180,-2845,S
107969,117800,-2,-7,4,2348,-16041,-2761,S
108051,117828,7,-1,-5,2449,-16327,-2876,S
108148,117990,-15,-2,-2,2486,-16211,-2815,S
108230,118267,-4,-3,-1,2413,-16306,-2841,S
108312,118485,4,1,-4,2311,-16013,-2791,S
108394,118640,-16,0,-4,2508,-16332,-2841,S
108491,118846,-3,0,-5,2453,-16197,-2791,S
108573,118277,1,-11,7,2451,-16098,-2861,S
108655,117087,-2,-12,3,2405,-16271,-2952,S
108737,117232,-4,-3,-1,2392,-16156,-2833,S
108836,117545,-5,-10,11,2470,-16135,-2779,S
108918,117695,-2,-12,5,2545,-16244,-2883,S
109000,117760,1,3,-1,2439,-16233,-2729,S
109097,118087,0,-5,2,2247,-16271,-2858,S
109179,118305,-3,-5,0,2417,-16218,-2811,S
109261,118482,-7,-3,0,2350,-16140,-2915,S
109343,118633,4,1,2,2273,-16358,-3003,S
109440,117959,4,6,-8,2463,-16380,-2739,S
109522,117022,12,-8,1,2313,-16415,-2755,S
109604,117019,-16,-6,-5,2649,-16211,-2864,S
109686,117318,-17,-7,2,2471,-16223,-2977,S
109768,117464,-29,6,7,2539,-16400,-2813,S
109865,117518,-6,8,4,2449,-16269,-2932,S
109947,118568,-16,-2,1,2433,-16360,-2836,S
110029,117962,10,-5,-6,2303,-16274,-2711,S
110111,118169,-15,1,8,2513,-16382,-2729,S
110208,118350,5,-9,6,2316,-16384,-2795,S
110290,118275,1,-1,6,2411,-16290,-2796,S
110372,116782,-13,4,-10,2386,-16266,-2778,S
110454,116683,-1,-12,2,2433,-16286,-2671,S
110551,116884,-11,-3,15,2417,-16297,-2846,S
110633,117076,-17,-9,-1,2419,-16383,-2702,S
110715,117044,1,-2,6,2444,-16366,-2846,S
110797,117311,-9,2,-1,2352,-16262,-2899,S
110896,117503,-3,-9,0,2539,-16349,-3041,S
110978,117742,2,-6,-2,2350,-16268,-2825,S
111060,117881,-1,-1,11,2496,-16322,-2813,S
111157,118129,1,-2,-8,2476,-16365,-2878,S
111239,116910,-12,-1,-3,2460,-16211,-2725,S
111321,116326,-7,-5,12,2452,-16252,-2834,S
111403,116360,10,-4,5,2395,-16361,-2665,S
111500,116721,16,3,5,2244,-16238,-2944,S
111582,116734,-10,-14,5,2454,-16186,-3061,S
111664,116858,-16,0,0,2555,-16157,-2784,S
111746,117156,9,-8,-3,2177,-16323,-2880,S
111845,117347,10,-1,8,2473,-16263,-2981,S
111927,117559,-5,-10,-2,2417,-16123,-2736,S
112009,117750,8,5,1,2446,-16196,-2788,S
112106,117944,6,5,-9,2460,-16212,-2790,S
112188,116459,-30,-12,-12,2467,-16256,-2733,S
112270,116090,31,-2,14,2331,-16371,-2840,S
112352,116072,-4,-6,8,2420,-16376,-2831,S
112451,116454,14,4,6,2201,-16224,-2817,S
112533,116490,23,-1,10,2550,-16315,-3245,S
112615,116657,-34,-4,-6,2468,-16280,-2800,S
112712,116944,16,4,-2,2560,-16272,-2767,S
112794,117109,-5,-7,10,2429,-16253,-2862,S
112876,117348,-9,0,4,2376,-16202,-2839,S
112958,117544,3,5,11,2432,-16137,-2881,S
113055,118060,6,-4,4,2365,-16115,-2956,S
113137,116779,-7,0,-5,2535,-16032,-2858,S
113219,116166,2,2,3,2223,-16248,-2956,S
113301,116187,-1,-2,0,2360,-16320,-2959,S
113383,116491,11,2,8,2753,-15993,-2706,S
113480,116495,10,-6,7,2381,-16058,-2783,S
113562,116671,-1,-8,-5,2264,-15997,-3092,S
113644,116952,-27,-13,-2,2364,-16249,-2758,S
113726,117188,12,-7,5,2397,-16357,-2844,S
113823,117365,-14,-12,-3,2440,-16155,-2956,S
113905,117675,-15,-4,-1,2570,-16111,-2752,S
113987,117129,38,2,6,2150,-16171,-2800,S
114069,115977,-35,-9,-7,2518,-16309,-3052,S
114166,116111,-9,-9,-3,2472,-16287,-2694,S
114248,116493,2,6,2,2323,-16221,-2882,S
114330,116587,-14,-7,7,2354,-16288,-2800,S
114412,116765,-3,-16,-5,2491,-16234,-2664,S
114509,117085,3,-8,0,2340,-16195,-2769,S
114591,117358,2,-2,4,2326,-16417,-2867,S
114673,117535,-12,-4,4,2323,-16250,-2869,S
114755,117765,3,0,2,2315,-16227,-2726,S
114837,118022,-5,-2,-6,2229,-16367,-2776,S
114934,116487,9,3,1,2398,-16270,-2931,S
115016,116635,3,-6,1,2355,-16211,-2925,S
115098,116251,9,-2,1,2542,-16295,-2811,S
115180,116676,4,3,-2,2457,-16157,-2787,S
115277,116700,7,-5,4,2521,-16315,-2722,S
115359,116897,-10,6,2,2416,-16312,-2905,S
115441,117239,4,1,6,2372,-16105,-2848,S
115523,117445,2,2,4,2350,-16200,-2834,S
115620,117732,-21,-6,-7,2543,-16351,-2810,S
115702,117959,-11,2,0,2385,-16313,-2809,S
115784,118138,-3,4,-1,2340,-16289,-2884,S
115866,116649,-13,0,-4,2506,-16260,-2789,S
115963,116413,12,1,-2,2468,-16329,-2879,S
116045,116647,12,-7,-3,2350,-16169,-2845,S
116127,117043,-8,-8,-1,2360,-16160,-2705,S
116209,117129,-3,-5,7,2402,-16235,-2832,S
116291,117353,-8,-8,-2,2421,-16321,-2823,S
116388,117716,-8,-2,6,2501,-16248,-2674,S
116470,117583,10,10,0,2437,-16248,-2822,S
116552,118138,2,0,5,2372,-16227,-2842,S
116634,118327,3,0,8,2448,-16134,-2865,S
116731,118535,-7,-1,2,2469,-16266,-2988,S
116813,116977,-16,-2,-1,2444,-16325,-2667,S
116895,116599,18,4,3,2362,-16400,-2857,S
116977,116720,-21,-2,-5,2423,-16236,-2813,S
117074,117170,5,5,-4,2326,-16192,-2900,S
117156,117204,15,-5,-1,2463,-16243,-2780,S
117238,117359,-10,5,-4,2352,-16224,-2878,S
117320,117698,-21,-13,3,2431,-16284,-2850,S
117419,117928,-1,-10,-11,2376,-16141,-2807,S
117501,118196,-16,0,0,2433,-16283,-2836,S
117583,118326,6,-2,6,2312,-16218,-2864,S
117680,118523,0,-2,-3,2421,-16259,-2876,S
117762,116996,-30,-14,3,2485,-16269,-2800,S
117844,116622,23,-6,12,2385,-16278,-2736,S
117926,116749,-11,-5,-2,2367,-16346,-2979,S
118023,117129,9,4,2,2320,-16175,-2814,S
118105,117104,6,-14,0,2401,-16148,-2814,S
118187,117280,9,-9,1,2312,-16244,-2765,S
118269,117575,-5,-4,7,2328,-16220,-2944,S
118368,117827,-2,-5,2,2473,-16307,-2812,S
118450,118103,-4,-7,0,2467,-16282,-2796,S
118532,118279,8,-8,7,2316,-16222,-2955,S
118629,117819,5,-7,-4,2249,-16293,-3014,S
118711,116552,-15,-7,-7,2505,-16096,-2748,S
118793,116768,4,-3,2,2452,-16189,-2840,S
118875,117098,-28,7,-1,2390,-16305,-3082,S
118974,117231,1,1,-2,2424,-16213,-2747,S
119056,117388,3,-6,2,2482,-16152,-2806,S
119138,117698,1,2,-10,2390,-16257,-2756,S
119235,117972,-4,-5,-2,2332,-16241,-2719,S
119317,118125,11,1,10,2249,-16189,-2795,S
119399,118270,1,-8,2,2186,-16240,-2670,S
119481,118236,25,3,2,2321,-16254,-2734,S
119578,116350,4,1,0,2484,-16320,-2996,S
119660,116458,10,4,3,2439,-16182,-2554,S
119742,116738,22,0,3,2350,-16252,-2831,S
119824,116974,4,-3,2,2434,-16376,-2688,S
119906,117004,-10,-2,-5,2347,-16333,-2651,S
120003,117286,-2,-10,-3,2490,-16258,-2631,S
120085,117572,-9,-1,3,2362,-16171,-2610,S
120167,117715,-64,-10,-6,2364,-16165,-2712,S
120249,117873,21,-5,6,2341,-16181,-2624,S
120346,117700,12,8,7,2278,-16241,-2640,S
120428,116255,-21,-10,-6,2558,-16169,-2735,S
120510,116328,19,2,1,2277,-16302,-2571,S
120592,116570,33,6,-8,2465,-16309,-2685,S
120689,116815,-12,-6,3,2270,-16364,-2639,S
120771,116855,7,3,9,2260,-16258,-2641,S
120853,117130,-3,-2,0,2440,-16270,-2775,S
120935,117398,7,-3,-3,2340,-16240,-2443,S
121034,117627,-6,-6,5,2404,-16244,-2645,S
121116,117837,-4,-5,-6,2371,-16340,-2588,S
121198,118095,-2,2,-6,2290,-16270,-2690,S
121295,116980,-8,9,0,2451,-16242,-2609,S
121377,116244,11,-3,-2,2336,-16302,-2732,S
121459,116350,-15,-3,-3,2260,-16357,-2660,S
121541,116741,12,-2,-2,2223,-16282,-2660,S
121638,116840,-17,-12,14,2410,-16385,-2711,S
121720,117042,1,-7,-1,2295,-16265,-2685,S
121802,117306,-12,0,-6,2338,-16313,-2741,S
121884,117593,4,6,2,2380,-16370,-2583,S
121966,117786,8,-6,-9,2422,-16248,-2630,S
122063,117976,3,-7,11,2550,-16409,-2743,S
122145,116496,-2,-6,-2,2407,-16169,-2549,S
122227,118293,-23,-7,3,2342,-16295,-2702,S
122309,116610,-9,-9,-1,2262,-16259,-2526,S
122406,116396,0,-4,2,2345,-16274,-2701,S
122488,116614,-18,-5,-1,2193,-16400,-2779,S
122570,116989,14,-3,8,2406,-16298,-2505,S
122652,117018,5,1,-9,2497,-16367,-2627,S
122749,117223,-11,-2,2,2402,-16306,-2776,S
122831,117509,-12,1,-2,2396,-16245,-2624,S
122913,117723,4,2,0,2276,-16376,-2698,S
122995,117955,-5,-9,-1,2331,-16233,-2712,S
123094,118074,-6,-9,-5,2291,-16381,-2683,S
123176,118215,-6,1,4,2428,-16401,-2380,S
123258,117900,2,-3,-1,2384,-16335,-2562,S
123355,115824,-2,4,-2,2276,-16173,-2553,S
123437,115858,1,-8,0,2478,-16330,-2684,S
123519,116171,-3,-5,3,2366,-16342,-2633,S
123601,116308,7,-5,6,2406,-16245,-2672,S
123700,115808,7,1,8,2324,-16400,-2661,S
123782,115894,1,-6,10,2457,-16299,-2538,S
123864,116079,1,-8,2,2432,-16349,-2496,S
123961,116338,-1,1,3,2378,-16271,-2729,S
124043,116593,-3,-5,2,2480,-16330,-2596,S
124125,116745,13,-6,-4,2456,-16300,-2491,S
124207,116947,-9,-1,-4,2421,-16255,-2581,S
124306,115572,5,-6,0,2393,-16325,-2623,S
124388,115016,41,4,5,2287,-16341,-2498,S
124470,115067,-9,-2,10,2410,-16386,-2630,S
124567,115367,13,1,3,2373,-16385,-2468,S
124649,115321,16,-5,9,2462,-16365,-2463,S
124731,115414,7,5,7,2487,-16321,-2569,S
124813,115707,11,3,13,2526,-16313,-2584,S
124910,116072,36,7,1,2263,-16239,-2414,S
124992,116357,146,28,19,2487,-16353,-2425,S
125074,116552,95,13,23,2389,-16478,-1794,S
125156,116879,32,-1,2,2122,-16408,-2272,S
125238,117232,66,25,9,2372,-16244,-2072,S
125335,116593,63,16,11,2096,-16149,-1550,S
125417,115600,-44,-19,-9,2297,-16374,-1795,S
125499,117070,-27,-7,-5,2242,-16360,-1822,S
125581,117495,7,-7,2,2209,-16300,-1960,S
125678,117323,-77,-28,-18,2223,-16628,-2077,S
125760,117475,-3,2,14,2332,-16434,-1878,S
125842,117637,4,-10,0,2198,-16424,-2042,S
125924,117845,2,-6,9,2243,-16422,-1815,S
126021,118033,-1,-4,6,2256,-16256,-2004,S
126103,118203,-1,-8,8,2212,-16294,-1990,S
126185,118334,2,-4,-6,2119,-16294,-1853,S
126267,116978,-17,-18,-5,2358,-16472,-1998,S
126366,116537,-5,-10,-3,2318,-16314,-2070,S
126448,116783,-8,0,-8,2173,-16429,-1916,S
126530,117112,1,3,1,2287,-16400,-1843,S
126627,117187,-3,-5,-8,2280,-16277,-2048,S
126709,117317,-12,-13,3,2292,-16510,-1923,S
126791,117459,-12,-2,7,2298,-16465,-1908,S
126873,117655,7,-5,11,2397,-16329,-1878,S
126972,117824,-14,-8,-3,2430,-16391,-1927,S
127054,118004,6,-6,0,2275,-16467,-2109,S
127136,118155,-15,7,5,2381,-16406,-2014,S
127233,116536,-2,-8,0,2336,-16348,-1910,S
127315,116383,14,-6,5,2272,-16488,-2159,S
127397,116560,-15,-10,-3,2309,-16360,-1787,S
127479,116870,-11,-5,1,2257,-16477,-2065,S
127578,116951,-12,-10,-2,2313,-16443,-2029,S
127660,117151,-11,1,16,2444,-16465,-2053,S
127742,117378,-6,-3,0,2363,-16407,-2034,S
127839,117576,-10,-4,4,2407,-16436,-2043,S
127921,117760,-11,-6,2,2335,-16427,-1952,S
128003,117912,-4,1,2,2210,-16408,-1955,S
128085,118070,-5,-4,0,2181,-16343,-2083,S
128182,116933,-2,-12,-7,2436,-16421,-1968,S
128264,116282,-5,1,-1,2373,-16389,-1846,S
128346,116344,-4,-13,8,2340,-16506,-1927,S
128428,116665,-6,-7,-10,2262,-16410,-2002,S
128510,116833,-7,-6,0,2241,-16276,-2095,S
128607,116893,-11,2,6,2382,-16371,-1862,S
128689,118012,-2,5,4,2374,-16350,-1914,S
128771,117416,-9,-6,-9,2441,-16387,-2007,S
128853,117658,8,6,-5,2437,-16394,-1975,S
128950,117900,8,11,5,2333,-16392,-2081,S
129031,118119,5,7,8,2254,-16431,-2072,S
129112,117560,6,0,7,2269,-16371,-1928,S
129194,116302,-8,-5,3,2427,-16411,-1924,S
129276,116373,-2,-5,-1,2178,-16454,-1857,S
129358,116635,-10,-1,-3,2240,-16353,-2069,S
129455,116882,-29,-12,5,2322,-16384,-2083,S
129537,116997,11,-10,2,2350,-16474,-2044,S
129619,117207,-8,-5,4,2221,-16322,-2025,S
129701,117437,-8,1,-4,2105,-16406,-2138,S
129798,117649,4,2,3,2342,-16475,-2081,S
129880,117768,3,-4,5,2379,-16395,-1916,S
129962,117880,-23,-5,2,2320,-16457,-2006,S
130044,117800,12,1,8,2446,-16532,-1982,S
130143,116057,-4,0,0,2282,-16450,-2232,S
130225,116150,-3,-5,1,2343,-16358,-2033,S
130307,116402,-1,-7,-4,2368,-16394,-1916,S
130404,116577,-18,-12,-2,2460,-16404,-1972,S
130486,116597,8,2,-4,2335,-16406,-1971,S
130568,116793,-22,-12,-6,2334,-16491,-2004,S
130650,117057,-8,-4,5,2362,-16358,-2102,S
130747,117324,-9,-2,0,2245,-16481,-2069,S
130829,117558,-12,-6,-5,2361,-16478,-2204,S
130911,117660,4,3,10,2230,-16400,-2033,S
130993,117789,0,-5,6,2401,-16517,-2148,S
131075,116365,55,12,8,2336,-16357,-2108,S
131173,115552,5,-19,8,2251,-16271,-1971,S
131255,115523,62,6,13,2330,-16304,-1766,S
131337,115725,20,3,6,2139,-16268,-2105,S
131434,115786,20,2,12,2291,-16291,-1736,S
131516,116173,10,-11,4,2331,-16307,-1976,S
131598,116418,-26,-7,-1,2407,-16381,-1767,S
131680,116288,12,-7,18,2274,-16449,-1818,S
131779,115593,-14,-5,12,2286,-16585,-2006,S
131861,115429,-11,2,-4,2299,-16516,-1904,S
131943,115311,13,2,2,2284,-16442,-2170,S
132024,114075,-13,-6,-6,2272,-16476,-1918,S
132121,113684,-12,-5,-2,2273,-16463,-1889,S
132203,113711,-3,1,4,2065,-16534,-2011,S
132285,113712,-4,-3,9,2360,-16424,-1905,S
132367,113544,19,-7,3,2476,-16431,-1940,S
132464,113558,-16,-1,-4,2239,-16464,-1900,S
132546,113698,8,-6,2,2245,-16249,-1999,S
132627,113796,5,7,-2,2269,-16404,-2068,S
132709,113926,-23,-8,-1,2347,-16371,-1865,S
132791,114184,-7,-17,-6,2163,-16429,-1905,S
132888,113283,-4,-6,-5,2278,-16359,-1870,S
132970,112698,13,-6,-5,2200,-16364,-1947,S
133052,112635,-7,-10,1,2223,-16468,-2095,S
133134,112831,-5,-2,-15,2375,-16420,-1822,S
133233,112828,7,-5,1,2264,-16475,-2005,S
133315,112964,-6,3,4,2381,-16606,-2006,S
133397,113258,3,-7,-6,2210,-16375,-1827,S
133494,113594,10,-1,12,2390,-16403,-2080,S
133576,113800,-21,-15,1,2450,-16325,-1934,S
133658,113855,8,4,11,2242,-16351,-1909,S
133740,113963,2,-4,0,2249,-16443,-1979,S
133839,112662,-2,1,-9,2268,-16296,-1948,S
133921,112336,12,-12,1,2350,-16323,-1824,S
134003,112350,3,6,-3,2292,-16445,-1946,S
134100,112561,11,-4,0,2221,-16439,-2026,S
134182,112548,-1,8,8,2265,-16455,-1895,S
134264,112736,-4,-1,-4,2397,-16356,-1880,S
134346,113069,2,-9,9,2247,-16383,-2031,S
134427,113424,-7,9,6,2325,-16437,-1959,S
134524,113797,-15,-4,1,2335,-16562,-1827,S
134606,114129,-11,-11,0,2357,-16360,-1983,S
134687,114404,-4,-1,-4,2398,-16404,-2041,S
134769,113023,1,-3,-1,2193,-16382,-1897,S
134851,112620,13,-3,-6,2237,-16348,-1620,S
134950,112609,-13,-3,8,2372,-16457,-1968,S
135032,112896,6,-8,3,2264,-16449,-1586,S
135114,112886,-2,-4,-6,2367,-16550,-1944,S
135211,113102,-11,-6,2,2223,-16320,-1963,S
135293,113377,1,1,-3,2188,-16370,-1796,S
135374,113664,-13,-17,0,2327,-16432,-1856,S
135456,113932,12,-3,-1,2260,-16389,-1874,S
135538,114159,6,2,-5,2115,-16297,-1706,S
135635,114448,-5,-8,-8,2316,-16468,-1960,S
135717,113059,-8,4,3,2229,-16233,-1952,S
135798,112587,1,4,-1,2378,-16421,-1666,S
135880,112608,-3,-6,-1,2347,-16381,-1957,S
135962,112861,-4,-9,-6,2322,-16482,-1885,S
136059,112918,-6,-8,5,2181,-16485,-1892,S
136141,113112,3,-4,-1,2190,-16402,-1963,S
136223,113410,7,12,7,2222,-16437,-1771,S
136304,113702,7,-9,3,2261,-16408,-1836,S
136386,113915,-3,-3,9,2437,-16368,-2042,S
136485,114151,13,4,6,2182,-16423,-1925,S
136567,114460,3,0,3,2241,-16418,-1858,S
136649,113551,8,-6,-4,2386,-16354,-1705,S
136746,112645,-1,-3,-2,2318,-16363,-1773,S
136828,112656,-13,-10,2,2316,-16391,-2014,S
136910,112906,3,-4,-4,2327,-16440,-2034,S
136992,112825,2,-9,1,2250,-16454,-1872,S
137089,112882,-10,-5,4,2046,-16288,-1806,S
137171,113149,-2,-6,3,2228,-16437,-1881,S
137253,113372,-2,-1,-1,2300,-16392,-1958,S
137335,113648,0,-4,1,2366,-16433,-1754,S
137416,113890,16,6,13,2352,-16430,-1979,S
137515,114260,-1,-11,4,2205,-16186,-1810,S
137597,113502,16,-5,6,2412,-16293,-1790,S
137679,112617,10,18,2,2308,-16428,-2109,S
137776,112616,-3,2,4,2309,-16254,-1869,S
137858,112910,14,-3,4,2200,-16441,-1846,S
137940,112962,-11,-3,2,2322,-16371,-1935,S
138022,113100,-10,-1,9,2190,-16370,-1904,S
138121,113395,-18,0,0,2221,-16314,-1752,S
138202,114301,0,-4,10,2253,-16486,-1697,S
138284,114026,-10,3,3,2286,-16355,-1873,S
138366,114285,-7,-4,-7,2299,-16339,-1971,S
138463,114643,-1,-1,-7,2205,-16430,-1971,S
138545,113602,-7,-1,8,2360,-16406,-1769,S
138627,112841,-2,-5,1,2252,-16474,-1890,S
138709,112925,-12,7,-9,2228,-16379,-1957,S
138806,113241,10,-1,-1,2230,-16427,-1827,S
138888,113342,-15,-3,-1,2360,-16325,-1920,S
138970,113444,-14,-6,7,2174,-16420,-1774,S
139052,113767,-9,4,-1,2319,-16466,-1944,S
139151,114152,-4,-9,3,2228,-16364,-2073,S
139233,114417,-12,1,-6,2190,-16426,-1905,S
139315,114723,-13,-10,3,2248,-16448,-1808,S
139412,115047,-11,-9,4,2323,-16474,-2003,S
139494,113716,-8,-6,-6,2393,-16402,-1938,S
139576,113158,-2,-6,5,2286,-16418,-1787,S
139658,113182,12,-1,1,2281,-16414,-2034,S
139757,114103,18,-1,10,2274,-16427,-1967,S
139839,115012,18,1,2,2303,-16442,-2074,S
139921,115979,-9,-4,9,2275,-16388,-1829,S
140018,116197,-7,1,-12,2302,-16443,-1742,S
140100,116320,-10,-13,-1,2331,-16370,-1780,S
140182,116486,-13,-3,-2,2303,-16322,-1834,S
140264,116579,-2,-3,-2,2336,-16439,-1794,S
140363,116343,4,5,-3,2209,-16439,-1935,S
140445,114700,-4,-5,1,2191,-16480,-1760,S
140527,114485,-10,-2,2,2206,-16437,-1979,S
140624,114782,-17,-11,1,2253,-16361,-1880,S
140706,115071,-7,-5,4,2256,-16479,-1939,S
140788,115124,7,-1,5,2332,-16442,-1822,S
140870,115372,-6,-3,-1,2202,-16386,-1945,S
140967,115678,-9,-1,-4,2319,-16527,-1944,S
141049,115943,-2,-1,-2,2308,-16546,-1946,S
141131,116035,-9,3,-9,2339,-16371,-2022,S
141213,116242,0,-9,-6,2265,-16449,-1813,S
141295,116037,3,-9,0,2276,-16325,-1849,S
141392,114289,-10,-8,5,2332,-16527,-1894,S
141474,115260,2,-1,7,2229,-16454,-1899,S
141556,114708,3,5,0,2259,-16395,-1971,S
141638,114982,-1,-25,1,2338,-16272,-1812,S
141735,115072,-5,-9,4,2234,-16400,-1823,S
141817,115398,-8,-4,-7,2257,-16375,-1857,S
141899,115669,0,-1,7,2193,-16520,-1754,S
141981,115904,-7,-6,-5,2252,-16394,-1947,S
142078,116104,-7,-1,3,2376,-16446,-1761,S
142160,116355,-11,-4,2,2146,-16436,-1894,S
142242,115248,-8,1,12,2252,-16350,-1791,S
142324,114331,11,-6,3,2244,-16390,-1882,S
142406,114413,-3,-5,1,2231,-16535,-1742,S
142503,114778,10,-5,6,2270,-16231,-2019,S
142585,114808,-10,-6,-2,2371,-16354,-1846,S
142667,114959,-11,-6,-4,2450,-16391,-1741,S
142749,115220,2,-7,7,2270,-16475,-1936,S
142846,115483,-6,0,7,2262,-16331,-1785,S
142927,115666,-10,0,1,2172,-16402,-1955,S
143009,115869,-6,-7,3,2261,-16468,-1815,S
143091,115821,15,-1,3,2234,-16414,-1902,S
143173,114195,-15,-2,-5,2391,-16572,-2031,S
143270,113988,-4,-2,-4,2310,-16420,-1939,S
143352,114185,3,-5,8,2341,-16475,-1929,S
143434,114398,-2,-11,4,2303,-16356,-1871,S
143516,114373,6,-2,0,2322,-16522,-1819,S
143613,114558,1,0,4,2238,-16480,-1770,S
143695,114730,-2,-11,0,2189,-16306,-1901,S
143777,114909,13,-1,2,2171,-16352,-1758,S
143859,115153,-2,-4,6,2421,-16385,-2009,S
143941,115361,4,-11,4,2316,-16478,-1817,S
144038,115142,18,-4,2,2348,-16512,-2008,S
144120,113576,-5,-7,1,2340,-16482,-1965,S
144202,113355,-2,3,1,2189,-16485,-1798,S
144284,113362,-1,-8,5,2198,-16358,-1749,S
144381,113561,-2,-4,7,2284,-16319,-1800,S
144463,113580,8,-4,-1,2400,-16458,-1895,S
144545,113825,-9,-2,1,2202,-16324,-1885,S
144627,114102,-5,-1,-4,2275,-16468,-1907,S
144724,114387,-6,2,-2,2244,-16427,-1709,S
144806,114618,-1,-5,-3,2429,-16461,-1743,S
144888,114842,-7,3,1,2323,-16458,-1819,S
144970,115132,-9,-4,2,2185,-16450,-1877,S
145067,113410,-10,-1,2,2236,-16582,-1764,S
145149,113140,-3,0,0,2283,-16455,-1630,S
145230,113104,-5,-6,-3,2313,-16366,-1775,S
145312,113407,5,-4,-4,2244,-16407,-2012,S
145394,113453,5,-4,5,2177,-16432,-1807,S
145493,113617,-10,-5,-5,2304,-16338,-1694,S
145575,113979,-4,-2,-3,2258,-16507,-1940,S
145657,114265,-1,-5,7,2214,-16390,-1920,S
145754,114588,-2,-5,2,2197,-16450,-1831,S
145836,114813,4,-5,4,2220,-16331,-1880,S
145918,115124,6,-6,1,2214,-16335,-1780,S
146000,114092,-3,1,1,2238,-16280,-1769,S
146097,113179,14,1,2,2339,-16265,-1834,S
146179,113237,5,-5,6,2174,-16277,-1758,S
146261,113569,-4,-2,1,2295,-16290,-1786,S
146343,113549,-3,0,1,2323,-16363,-1798,S
146425,113690,-9,-16,-7,2250,-16564,-1942,S
146522,114043,4,-10,-1,2290,-16491,-1928,S
146604,114971,9,-5,-3,2240,-16454,-1748,S
146686,114546,-2,-5,1,2044,-16487,-1955,S
146768,114780,5,-6,6,2229,-16413,-1730,S
146865,114878,10,1,2,2217,-16393,-1938,S
146947,113346,-12,4,4,2259,-16591,-1962,S
147029,113195,2,-10,-11,2167,-16380,-1898,S
147111,113238,33,-24,2,2390,-16520,-1635,S
147208,113452,-13,-13,-4,2191,-16322,-1849,S
147290,113415,-1,-6,4,2271,-16289,-1716,S
147372,113588,8,4,0,2121,-16370,-1635,S
147453,113821,1,-1,5,2336,-16462,-1801,S
147535,114068,-16,-5,-4,2276,-16423,-1974,S
147632,114315,9,-2,4,2255,-16436,-1912,S
147714,114530,-6,-3,7,2250,-16288,-1709,S
147796,114399,15,6,2,2236,-16487,-2047,S
147878,113024,-18,-14,-7,2303,-16408,-1957,S
147977,112842,-14,-11,-3,2389,-16415,-1777,S
148059,112978,5,-6,-9,2372,-16531,-1845,S
148141,113143,-8,-2,1,2359,-16415,-1823,S
148238,113175,0,-2,0,2255,-16452,-1669,S
148320,113428,12,5,-2,2291,-16481,-1788,S
148402,113690,-9,-5,3,2381,-16608,-1768,S
148484,113961,-9,-4,1,2198,-16400,-1970,S
148581,114262,5,-3,4,2288,-16049,-1721,S
148663,114585,-19,-8,6,2190,-16245,-1682,S
148745,114287,-12,-7,-5,2120,-16388,-1798,S
148827,112924,-20,-5,-1,2266,-16439,-1724,S
148909,112809,1,11,3,2231,-16416,-1905,S
149006,112926,-4,-7,-14,2316,-16450,-1885,S
149088,113842,-5,1,7,2329,-16359,-1854,S
149170,113156,14,0,2,2430,-16470,-1892,S
149252,113425,-15,-7,1,2160,-16425,-1877,S
149349,113750,7,-7,-1,2233,-16414,-1844,S
149431,114017,8,-3,2,2324,-16359,-1916,S
149513,114222,0,-5,1,2182,-16413,-1830,S
149595,114502,10,-4,-4,2197,-16363,-1841,S
149692,113403,5,0,4,2251,-16377,-1807,S
149773,112813,0,-2,2,2134,-16543,-1708,S
149855,112779,-7,-5,-3,2209,-16487,-1837,S
149937,113020,10,2,0,2286,-16514,-1755,S
150019,113044,3,7,4,2327,-16430,-1885,S
150116,113110,9,8,-1,2209,-16334,-1744,S
150198,113288,-11,0,2,2241,-16387,-1806,S
150280,113475,-3,-3,0,2303,-16337,-1869,S
150362,113660,-11,-4,3,2218,-16497,-1847,S
150461,113913,-30,-7,-8,2222,-16424,-1971,S
150543,113611,18,-2,6,2171,-16435,-1911,S
150625,112519,-9,4,1,2323,-16492,-1843,S
150722,112384,-7,-2,-2,2437,-16444,-1935,S
150804,112546,-7,-7,-9,2225,-16355,-1930,S
150886,112623,-10,-13,-5,2331,-16365,-1799,S
150968,112676,12,-10,3,2224,-16347,-1854,S
151065,112981,14,-5,3,2278,-16510,-1905,S
151147,113366,-1,1,-2,2146,-16446,-1857,S
151229,113789,-5,-1,-1,2287,-16459,-1858,S
151311,114337,7,0,-3,2117,-16329,-1921,S
151393,114974,-15,9,-5,2200,-16478,-2014,S
151490,113758,11,6,-2,2198,-16332,-1696,S
151572,112634,-26,-18,6,2330,-16414,-2088,S
151654,115192,-25,-15,-7,2317,-16517,-1889,S
151736,116900,-121,17,-19,2193,-16103,-1917,S
151833,116590,-41,4,-5,2304,-16243,-1725,S
151915,116917,-53,-6,-8,2417,-16289,-2005,S
151997,117535,16,9,2,2291,-16405,-2050,S
152079,117654,64,-7,33,2327,-16394,-1788,S
152176,117618,4,-3,5,2146,-16348,-2162,S
152258,117582,5,-12,2,2375,-16446,-1812,S
152340,117849,4,4,0,2210,-16409,-1944,S
152422,116959,-8,-4,3,2146,-16360,-1820,S
152521,116222,5,-7,-1,2337,-16349,-1915,S
152603,116554,-20,12,2,2255,-16396,-2011,S
152685,116988,-109,23,-41,2580,-16166,-1594,S
152782,117228,-415,-25,-83,2561,-16142,-2387,S
152864,117473,-468,-22,-110,2532,-15725,-3052,S
152946,117718,-462,21,-89,2806,-16513,-4110,S
153028,118025,-243,46,-36,2712,-16293,-4359,S
153127,118348,-281,13,-76,3033,-15976,-4635,S
153209,118499,-115,23,-52,2779,-15582,-4833,S
153291,118559,-51,14,-20,3056,-15683,-5342,S
153388,117262,176,55,66,3063,-15435,-4688,S
153470,117301,180,33,55,2947,-15719,-4777,S
153552,117375,228,10,73,2844,-16328,-4310,S
153634,117250,356,24,88,2760,-16003,-4067,S
153731,117128,525,-190,119,2460,-15753,-2902,S
153813,117083,58,-71,35,2429,-15395,-2655,S
153895,117356,35,0,17,2468,-16425,-2769,S
153977,117613,59,29,19,2554,-16348,-2855,S
154058,117606,91,51,28,2430,-16333,-2339,S
154157,117179,-9,11,12,2519,-16563,-2606,S
154239,114713,12,3,-2,2378,-16308,-2330,S
154321,113748,-17,-8,-2,2431,-16421,-2361,S
154418,113564,13,2,7,2355,-16350,-2401,S
154500,113601,1,-4,5,2316,-16279,-2461,S
154582,113451,-7,9,7,2331,-16243,-2597,S
154664,113475,17,-15,0,2289,-16351,-2604,S
154761,113618,6,2,6,2363,-16316,-2628,S
154843,113791,-1,-6,5,2370,-16247,-2446,S
154925,113957,-3,-8,9,2329,-16347,-2528,S
155007,113974,8,-1,0,2383,-16297,-2588,S
155089,114046,-8,0,7,2314,-16343,-2504,S
155186,112521,0,-6,0,2201,-16382,-2417,S
155268,113464,12,-7,4,2193,-16291,-2565,S
155350,112108,-7,-1,2,2370,-16366,-2451,S
155432,112276,0,-2,5,2318,-16308,-2590,S
155529,112187,-5,8,3,2271,-16173,-2498,S
155611,112298,1,-8,15,2318,-16303,-2444,S
155693,112456,4,-14,-5,2238,-16324,-2534,S
155775,112658,-3,-6,-3,2210,-16436,-2456,S
155872,112895,5,0,-7,2381,-16231,-2585,S
155954,113075,-11,-7,1,2228,-16291,-2341,S
156036,113160,-22,-5,3,2298,-16364,-2517,S
156118,112010,-9,-3,-3,2291,-16213,-2453,S
156217,111650,-4,-4,11,2174,-16255,-2351,S
156299,111704,-3,-6,-1,2373,-16332,-2545,S
156381,111898,-14,-12,1,2312,-16386,-2406,S
156478,111877,9,2,9,2210,-16313,-2448,S
156560,112023,5,-10,9,2184,-16383,-2608,S
156642,112229,-9,-5,2,2343,-16382,-2375,S
156724,112447,1,2,-14,2189,-16276,-2604,S
156823,112698,0,9,5,2200,-16279,-2509,S
156905,112941,8,1,-1,2223,-16405,-2404,S
156987,111770,-15,-10,-4,2388,-16274,-2323,S
157084,111486,-6,-5,6,2378,-16379,-2513,S
157166,111574,1,-8,0,2312,-16299,-2587,S
157248,111781,9,-7,6,2175,-16403,-2547,S
157330,111724,3,-6,-5,2106,-16239,-2432,S
157427,111881,-1,-4,6,2176,-16334,-2382,S
157509,112141,-5,2,4,2321,-16327,-2511,S
157591,112375,-6,-5,-4,2264,-16312,-2551,S
157673,112622,2,-4,6,2338,-16481,-2364,S
157755,112585,15,4,2,2394,-16277,-2362,S
157852,111408,18,-7,3,2292,-16323,-2406,S
157934,111750,-7,4,-1,2335,-16308,-2559,S
158016,111597,6,5,0,2176,-16365,-2609,S
158098,111667,-12,-6,2,2368,-16346,-2467,S
158195,111705,-3,-6,0,2310,-16326,-2440,S
158277,111927,12,-5,0,2307,-16365,-2572,S
158359,112132,-8,5,-7,2260,-16425,-2402,S
158441,112330,0,1,9,2322,-16329,-2394,S
158538,112643,1,-10,-12,2353,-16376,-2507,S
158620,111864,-12,-7,8,2335,-16331,-2477,S
158702,111223,-3,-6,2,2392,-16252,-2420,S
158784,111233,9,-3,5,2425,-16277,-2508,S
158883,111478,12,-5,4,2226,-16122,-2483,S
158965,111457,-5,-9,-2,2261,-16401,-2288,S
159047,111557,-2,-1,1,2199,-16399,-2496,S
159144,111816,6,3,3,2344,-16277,-2370,S
159226,112021,8,-1,6,2166,-16145,-2357,S
159308,112253,-4,-4,-4,2237,-16340,-2406,S
159390,112511,10,2,6,2385,-16227,-2429,S
159489,112178,0,-3,-3,2238,-16368,-2314,S
159571,111126,-11,-5,-5,2373,-16376,-2499,S
159653,111039,1,2,1,2235,-16285,-2210,S
159750,111198,-8,-5,6,2195,-16533,-2338,S
159832,111292,-2,-6,2,2387,-16321,-2343,S
159914,111325,-12,-5,-3,2201,-16389,-2190,S
159996,111468,-18,-2,4,2283,-16385,-2277,S
160095,111656,-11,-1,-11,2136,-16265,-2252,S
160177,111816,11,2,-2,2155,-16384,-2174,S
160259,111981,-2,-2,5,2214,-16242,-2389,S
160356,112271,7,-3,2,2186,-16316,-2412,S
160438,111588,3,2,3,2309,-16199,-2281,S
160519,110825,11,5,4,2335,-16331,-2418,S
160601,110777,3,3,0,2233,-16290,-2473,S
160683,110938,-1,-1,-1,2338,-16328,-2537,S
160780,111052,7,-2,-5,2351,-16422,-2420,S
160862,111133,-12,3,-4,2360,-16243,-2256,S
160944,111302,-4,-3,-5,2226,-16417,-2418,S
161026,111537,-9,-11,7,2136,-16297,-2360,S
161108,111747,9,-2,4,2341,-16340,-2451,S
161205,111876,-2,-9,11,2207,-16412,-2362,S
161287,112120,-14,2,-4,2198,-16372,-2402,S
161369,111352,20,3,7,2176,-16491,-2378,S
161451,110621,-14,-5,-3,2221,-16487,-2487,S
161548,110442,6,-1,-1,2261,-16367,-2262,S
161630,110613,17,3,5,2265,-16264,-2485,S
161712,110533,1,-7,-5,2330,-16482,-2360,S
161794,110565,25,-6,5,2277,-16635,-2439,S
161891,110741,-33,-4,-8,2233,-16431,-2354,S
161973,110878,5,3,-3,2166,-16523,-2294,S
162055,111030,-3,0,1,2293,-16389,-2096,S
162137,111161,-2,-6,-6,2281,-16326,-2402,S
162234,111111,26,6,3,2245,-16356,-2390,S
162316,110081,-15,-11,-4,2391,-16288,-2288,S
162398,109854,-2,0,4,2187,-16360,-2286,S
162480,109918,2,-1,7,2233,-16433,-2313,S
162562,110105,-8,-13,0,2264,-16379,-2294,S
162659,110053,3,-4,3,2271,-16336,-2239,S
162741,111103,-10,-13,8,2177,-16387,-2325,S
162823,110412,-4,5,-3,2303,-16384,-2210,S
162905,110608,1,2,-3,2244,-16295,-2467,S
163002,110827,8,1,4,2261,-16390,-2225,S
163084,111004,-12,1,1,2197,-16304,-2291,S
163166,110916,11,3,1,2289,-16341,-2447,S
163248,109852,-14,-5,1,2288,-16285,-2388,S
163345,109535,-11,6,-3,2109,-16285,-2462,S
163427,109621,-7,-8,2,2185,-16351,-2259,S
163509,109769,4,-3,6,2364,-16420,-2194,S
163591,109817,-18,-3,-6,2135,-16320,-2343,S
163673,109987,13,-3,3,2323,-16312,-2324,S
163770,110348,-9,6,5,2145,-16388,-2229,S
163852,110368,-16,-7,4,2078,-16459,-2478,S
163934,110861,-9,-11,-3,2279,-16321,-2448,S
164016,110982,0,-3,0,2182,-16255,-2420,S
164113,111064,5,1,2,2305,-16331,-2343,S
164195,109946,1,-2,5,2214,-16378,-2398,S
164277,109602,2,-2,-6,2194,-16334,-2241,S
164359,109623,5,-4,-1,2164,-16304,-2120,S
164456,109848,-86,-40,5,2103,-16265,-2506,S
164538,109929,-20,4,15,2367,-15964,-2803,S
164620,110010,32,-8,3,2146,-16174,-2267,S
164702,110304,8,6,10,2209,-16313,-2796,S
164801,110589,-15,1,0,2296,-16287,-2502,S
164883,110829,-25,-8,-3,2198,-16317,-2544,S
164965,111037,-26,7,-5,2241,-16413,-2406,S
165062,111348,-136,-42,6,2377,-16600,-2464,S
165144,110369,-271,-155,-14,2046,-16405,-3226,S
165226,111524,-333,-231,-33,2885,-16342,-3906,S
165308,114787,-663,-387,-242,2379,-16602,-5111,S
165407,116942,-344,-350,-324,2951,-15062,-5455,S
165489,117516,-379,-464,-494,2880,-15129,-5062,S
165571,117389,-411,-466,-564,3360,-15320,-5322,S
165668,117574,-773,-622,-566,5258,-15170,-7730,S
165750,115231,-1303,-763,-826,3675,-12527,-6614,S
165832,93046,-424,-363,-629,3474,-11294,-11490,S
165914,91615,861,343,105,3729,-11196,-11854,S
165995,106878,1169,247,228,4935,-12287,-10044,S
166092,114745,530,199,387,5260,-13344,-5431,S
166174,120715,423,212,263,5620,-16461,-4287,S
166255,120265,2,-155,215,4277,-15529,-5545,S
166337,119818,488,-168,71,4391,-16041,-7549,S
166419,120427,706,-89,26,4865,-14846,-5603,S
166516,120657,50,107,40,4069,-14823,-4665,S
166598,120409,-231,243,7,4368,-15369,-3835,S
166680,120407,-689,211,228,3425,-15481,-4111,S
166762,120272,-665,70,136,2898,-16238,-5638,S
166844,120437,-320,-40,177,3863,-14588,-5318,S
166941,120588,-165,-16,176,3434,-15465,-6309,S
167023,120026,-547,-154,126,3459,-14090,-6722,S
167105,120549,-608,-56,-37,3478,-14253,-8360,S
167187,120465,-323,54,42,2336,-14553,-9498,S
167284,120494,140,126,82,2435,-13459,-9014,S
167365,120536,497,89,-71,3863,-12723,-8963,S
167447,120510,703,195,83,3386,-14559,-7283,S
167529,120588,239,90,70,3422,-15062,-5907,S
167610,120626,-269,-77,13,3138,-14587,-6122,S
167692,120598,-216,-27,-42,2860,-14847,-7726,S
167789,120657,4,-21,36,2856,-14509,-7810,S
167871,120706,-33,-57,-14,3295,-14766,-7514,S
167953,120711,-183,-27,48,3377,-15411,-7366,S
168035,120662,-29,147,154,3148,-14693,-7085,S
168132,120471,278,230,209,1829,-16362,-6492,S
168213,120661,-200,6,5,2127,-13597,-7490,S
168295,120994,-100,-86,-15,3075,-15649,-9275,S
168377,121024,532,-54,-528,3150,-14501,-7896,S
168459,121104,-118,11,-244,4301,-13727,-5753,S
168556,121084,617,-75,183,3867,-15869,-4185,S
168638,121291,-928,-165,76,3373,-15116,-7093,S
168720,121694,-1631,-151,229,4130,-16209,-9620,S
168802,121305,15,87,478,1222,-13939,-8849,S
168901,121674,105,7,58,1102,-12264,-8802,S
168983,121847,654,156,-102,2337,-16611,-12851,S
169065,121808,470,120,-40,2412,-13148,-6763,S
169162,121526,357,48,-97,2930,-14811,-9111,S
169244,121265,556,52,-23,1915,-14073,-7088,S
169326,120934,423,126,91,2467,-15419,-5240,S
169407,120827,216,47,24,2693,-15359,-5434,S
169489,120667,264,90,57,2545,-15652,-5225,S
169586,120563,18,-10,30,2277,-15675,-4783,S
169668,119882,-38,-13,-15,2335,-15836,-5385,S
169750,118483,11,9,28,2790,-15334,-5154,S
169832,118684,-117,-19,-14,2117,-15656,-5405,S
169914,119018,113,26,24,2526,-15470,-5257,S
170011,118869,-34,-14,8,2337,-15602,-5535,S
170093,118802,57,10,12,2545,-15580,-4804,S
170175,118586,72,15,-23,2550,-16226,-5519,S
170257,118759,26,21,-21,2461,-15747,-5303,S
170354,118797,-60,24,-22,2269,-15974,-5077,S
170436,118822,-11,5,-8,2616,-15856,-5589,S
170518,119062,16,1,-4,2488,-15591,-4851,S
170600,117504,52,46,19,2438,-15481,-4383,S
170697,117142,45,25,4,2582,-15465,-4946,S
170779,117542,-42,5,-3,2749,-15879,-4735,S
170861,117882,-57,-16,-14,2664,-15800,-5517,S
170943,117915,16,-24,34,2439,-15608,-4919,S
171042,118291,-67,-26,-16,1839,-15590,-5107,S
171124,118454,-126,-50,-31,2603,-15272,-5036,S
171206,118563,91,-3,70,3160,-15415,-5100,S
171303,118578,-122,25,46,2762,-15518,-4583,S
171385,119043,-480,-3,-61,2047,-15830,-5265,S
171467,118079,3,9,-15,2219,-15320,-6023,S
171549,117654,-62,-46,-15,2173,-15835,-6256,S
171648,118872,61,5,11,2614,-15557,-5968,S
171730,119414,34,7,-13,2826,-15321,-5934,S
171812,119421,123,-31,-11,2143,-15579,-6034,S
171909,119518,157,-1,-5,2300,-15251,-5392,S
171991,119494,178,26,38,2918,-15830,-5452,S
172073,119546,1,24,-3,2978,-15422,-4950,S
172155,119616,79,26,20,2317,-15561,-5533,S
172252,118137,1,-13,0,2129,-15650,-5065,S
172334,117686,-52,-20,6,2452,-15410,-4985,S
172416,118192,-17,16,4,2483,-16317,-5425,S
172498,118690,-158,-38,12,2704,-15693,-5429,S
172580,118791,91,30,-73,2773,-15561,-5791,S
172677,119016,-220,-13,-9,2631,-15816,-4815,S
172759,119591,-54,-4,6,2614,-15592,-5983,S
172841,119578,11,17,14,2519,-15432,-4976,S
172923,119713,-30,-9,13,2523,-15623,-5810,S
173020,119324,-61,-23,8,2150,-15497,-5764,S
173102,118079,-113,-9,-5,2536,-15527,-5504,S
173184,118390,-31,-25,7,2907,-15442,-5865,S
173266,118865,46,-36,-19,2896,-15369,-5661,S
173363,118990,26,-25,-14,2008,-15410,-5725,S
173445,118939,-22,-46,-35,2336,-15703,-6179,S
173527,119161,-26,5,32,2269,-16164,-5416,S
173609,119444,-84,-37,12,2395,-14962,-6005,S
173708,119752,-28,-5,-53,2720,-15754,-5889,S
173790,119849,166,-1,-24,2724,-15784,-6259,S
173872,118345,273,50,-8,2996,-14907,-4990,S
173969,118185,-58,-24,-57,2366,-15355,-4808,S
174051,118651,-230,-29,5,1757,-16064,-5624,S
174133,118651,-201,-40,21,2691,-14977,-5717,S
174215,118581,-82,3,-21,2960,-15620,-6115,S
174314,118766,27,-15,7,3130,-15242,-5677,S
174396,118884,60,-8,-3,2875,-15473,-6165,S
174478,118987,25,39,-9,2350,-15462,-5917,S
174575,118942,10,15,-17,2764,-15461,-6056,S
174657,117090,-23,1,-12,2519,-15548,-5640,S
174739,116927,-44,-7,-18,2915,-15419,-5987,S
174821,117330,-36,-25,-2,3280,-15173,-5745,S
174920,117784,131,46,16,2385,-15142,-5206,S
175002,117675,-135,-26,-7,2573,-15425,-5370,S
175084,117981,-139,-38,0,2555,-15409,-6397,S
175181,118516,17,17,17,2520,-14730,-5937,S
175263,119051,-62,2,22,2955,-15479,-6349,S
175345,119315,33,-6,28,3100,-14932,-6248,S
175427,118128,151,48,4,2229,-15622,-6280,S
175524,116946,156,30,7,2677,-15505,-6346,S
175606,117238,115,1,69,2371,-15553,-5279,S
175688,117725,-72,-25,16,2688,-15509,-5276,S
175770,117845,-52,13,1,3073,-15546,-5901,S
175852,117759,100,1,13,2276,-15395,-6050,S
175949,117949,247,65,35,1923,-15531,-4871,S
176031,119155,-29,2,-30,2639,-15532,-5200,S
176113,118434,159,1,12,2573,-15764,-5288,S
176195,118423,-163,-28,53,2719,-15523,-3632,S
176292,116750,-1244,-151,74,1990,-15180,-4393,S
176374,116595,-1154,-180,5,2526,-15604,-9296,S
176456,117632,-470,-36,325,1629,-13896,-10565,S
176538,119602,63,83,255,1044,-14311,-7363,S
176635,120032,255,57,119,1346,-14957,-8312,S
176717,121020,441,21,-91,1790,-13754,-7597,S
176799,120334,942,-39,-884,1996,-15525,-10751,S
176881,119061,1073,336,149,1287,-10515,-2366,S
176980,120166,-310,-115,-160,1971,-17065,-3171,S
177062,119148,153,77,46,2500,-15660,-6427,S
177143,118161,246,47,8,2359,-15453,-4064,S
177225,117771,77,91,64,2169,-15895,-3572,S
177322,117064,7,52,43,2338,-16222,-4289,S
177404,116271,19,23,15,2295,-16108,-4154,S
177486,116189,42,18,15,2269,-16023,-3921,S
177567,116409,33,10,11,2246,-15968,-3902,S
177649,116733,-14,-10,0,2221,-15872,-4026,S
177746,116853,6,5,-9,2471,-16043,-3949,S
177828,117123,-25,-10,-4,2071,-16046,-3873,S
177910,115656,-31,-11,9,2331,-16164,-4109,S
177992,115560,-24,-12,4,2276,-16028,-4062,S
178091,116737,-18,-3,2,2315,-16024,-4169,S
178173,117406,-4,-1,12,2395,-16118,-4059,S
178255,117549,-23,-8,0,2203,-15959,-4090,S
178352,118195,-3,-7,-3,2278,-16116,-4163,S
178434,118483,6,-8,-2,2224,-15987,-3947,S
178516,118723,-6,-1,-3,2206,-15903,-4046,S
178598,118998,2,-11,4,2272,-16132,-4127,S
178697,118933,3,-2,5,2317,-16023,-4080,S
178779,116934,-14,8,4,2132,-15955,-4127,S
178860,117100,22,-6,3,2354,-16201,-4116,S
178942,117541,-13,-2,11,2422,-16000,-4079,S
179039,117875,0,-8,-3,2273,-15994,-3991,S
179121,117869,-2,0,0,2237,-16052,-4230,S
179203,118132,-2,-2,0,2361,-16079,-3998,S
179285,118434,16,-6,7,2280,-15985,-4058,S
179382,118653,1,-2,2,2125,-16012,-4045,S
179464,118777,8,-4,7,2265,-15970,-4076,S
179546,118993,-2,-6,4,2313,-15968,-4182,S
179628,117739,-3,-3,-2,2276,-15968,-3966,S
179727,116604,14,-6,8,2331,-16048,-4077,S
179809,116991,0,-7,-3,2146,-15902,-3818,S
179891,117489,3,-1,-12,2245,-16109,-3922,S
179988,117563,-18,-5,1,2233,-15906,-4218,S
180070,117795,7,-6,-2,2267,-15978,-3928,S
180152,118157,15,1,2,2221,-15989,-4106,S
180234,118432,8,1,16,2211,-16044,-3907,S
180333,118741,1,13,4,2261,-15936,-3998,S
180414,116799,5,-12,3,2236,-15973,-4115,S
180496,119059,-3,1,-1,2232,-15844,-4171,S
180578,117277,-1,2,3,2422,-15999,-3933,S
180675,116849,21,-6,3,2173,-16010,-4053,S
180757,117281,-10,-3,7,2372,-15946,-3795,S
180839,117664,3,-3,8,2201,-16146,-3999,S
180921,117659,-3,0,-5,2172,-16061,-4127,S
181018,118007,3,-6,-1,2279,-16002,-3953,S
181100,118337,3,-2,18,2191,-16000,-4135,S
181182,118596,-6,-1,-9,2322,-16011,-3932,S
181264,118838,5,-8,23,2312,-15930,-3768,S
181345,118974,8,-2,1,2326,-16024,-4062,S
181444,119089,17,6,-4,2133,-15934,-4135,S
181526,117277,-20,-10,-1,2354,-15999,-3825,S
181608,116955,7,1,1,2292,-16047,-4033,S
181705,117557,-6,-3,-5,2237,-15967,-4106,S
181787,117860,5,2,6,2163,-16016,-3852,S
181869,117843,11,-2,-7,2195,-15885,-4085,S
181951,118115,-3,-1,-1,2362,-16080,-4016,S
182048,118522,2,-2,4,2273,-16085,-3960,S
182130,118719,-4,-5,5,2136,-16032,-4101,S
182212,118822,-9,-6,-6,2303,-16213,-3914,S
182294,119001,4,4,5,2244,-16019,-3855,S
182375,119214,-3,5,0,2279,-16076,-3915,S
182474,117386,-4,5,-6,2142,-16161,-4043,S
182556,117181,5,-10,0,2284,-16096,-4055,S
182638,117655,-10,-2,-9,2219,-16121,-3826,S
182735,118173,-2,-2,-2,2221,-16126,-4054,S
182817,118159,-5,2,-4,2284,-16008,-3825,S
182899,118371,-1,1,-3,2285,-16155,-4071,S
182981,118584,2,-4,0,2248,-15995,-3968,S
183062,118850,-3,-9,0,2364,-16064,-3913,S
183159,119161,-3,-3,0,2338,-16112,-4004,S
183241,119292,5,-3,0,2390,-15935,-3991,S
183323,119455,-15,-1,12,2300,-16098,-3939,S
183405,118320,-6,-6,1,2250,-15850,-3892,S
183504,117388,15,-1,-2,2248,-15966,-4083,S
183586,117782,-6,0,0,2232,-15887,-3879,S
183668,118260,4,0,5,2221,-16041,-3931,S
183765,118272,-1,-6,-5,2192,-16093,-4011,S
183847,118440,4,3,-5,2298,-15999,-4034,S
183929,118739,-2,-3,6,2300,-15998,-3733,S
184011,118977,1,-6,-4,2149,-16123,-3916,S
184110,119231,22,-1,10,2142,-15976,-3803,S
184192,119400,-1,-3,-2,2224,-16069,-3889,S
184274,119554,6,2,1,2117,-16028,-3916,S
184371,117707,-14,-5,-4,2201,-16059,-3780,S
184453,117715,-3,-10,-4,2202,-16156,-3820,S
184535,118168,-8,-4,5,2267,-16069,-3886,S
184617,118433,-12,-6,-1,2298,-15998,-3940,S
184716,118408,-5,-2,4,2322,-16020,-3903,S
184798,118712,-6,-6,2,2194,-15961,-3907,S
184880,118977,1,1,0,2146,-16104,-3866,S
184977,119319,3,12,-2,2296,-16093,-4030,S
185058,119543,-6,-4,-4,2256,-16254,-3889,S
185140,119704,-4,0,12,2276,-16064,-3933,S
185222,118868,-4,-8,5,2202,-16152,-3864,S
185304,117668,-11,-2,2,2292,-16042,-3917,S
185401,118105,-7,-3,-5,2334,-16133,-3997,S
185483,118501,11,-2,4,2187,-16074,-3950,S
185565,118424,7,1,7,2253,-16034,-4123,S
185647,118566,4,-2,5,2192,-16069,-4042,S
185729,118838,0,10,5,2110,-16140,-3896,S
185826,119067,-4,5,4,2261,-15921,-3979,S
185907,119263,4,16,1,2320,-16138,-3955,S
185989,119383,6,1,6,2190,-16004,-3850,S
186070,119418,10,0,1,2261,-16067,-3992,S
186152,117696,-10,-9,-7,2182,-15982,-3843,S
186251,117589,10,2,0,2273,-16031,-4023,S
186332,117885,3,1,-3,2050,-16013,-3811,S
186414,118141,-8,-9,4,2316,-16048,-3902,S
186496,118221,0,-1,1,2324,-15985,-3838,S
186593,118645,3,-11,-1,2170,-15932,-3868,S
186675,118885,3,-4,9,2204,-16083,-3913,S
186757,119096,1,-4,6,2296,-16063,-3950,S
186839,119244,0,-4,3,2289,-16071,-4077,S
186936,119507,1,5,5,2210,-16130,-3995,S
187017,118841,5,-4,2,2205,-16074,-3865,S
187099,117479,0,-13,1,2289,-16037,-4067,S
187181,117664,-7,3,6,2400,-16132,-4016,S
187263,117965,-7,-8,4,2212,-16032,-4066,S
187362,118189,-12,-6,-5,2210,-16124,-3968,S
187444,118211,-1,1,5,2337,-16127,-3952,S
187526,118516,-12,-6,7,2196,-16105,-3832,S
187623,118831,3,5,-5,2170,-16107,-3982,S
187705,119010,0,-9,9,2354,-16135,-3832,S
187787,119211,11,8,-5,2217,-16071,-3947,S
187869,119348,4,0,-2,2340,-16116,-3974,S
187968,119547,5,-1,1,2363,-16080,-3995,S
188050,118044,-22,-4,-1,2245,-16038,-3915,S
188132,117451,13,-7,5,2267,-16041,-3799,S
188229,117721,-4,-2,0,2229,-16021,-3812,S
188311,118102,11,-6,-2,2241,-16006,-4005,S
188393,118118,-1,-5,4,2398,-15981,-3905,S
188475,118285,-5,0,4,2186,-16079,-3898,S
188572,118671,7,-5,7,2167,-16079,-3886,S
188654,118893,-10,-6,0,2255,-16054,-3908,S
188736,119098,-14,6,10,2179,-16015,-3974,S
188818,119280,-6,0,6,2183,-16020,-3686,S
188900,119435,-3,-7,0,2234,-16162,-3987,S
188997,119658,2,-6,-3,2287,-16079,-3912,S
189079,118178,1,-5,7,2130,-15997,-3734,S
189161,117525,-6,-2,-1,2269,-15991,-3825,S
189243,117747,-2,-4,0,2209,-16188,-3855,S
189340,118179,4,-7,-6,2240,-16041,-3918,S
189422,118260,-8,2,-6,2207,-16108,-3890,S
189504,118356,7,1,6,2147,-16099,-3929,S
189586,118664,4,0,0,2199,-15984,-3865,S
189683,118969,8,-6,6,2208,-16124,-3978,S
189765,119161,3,-12,-2,2223,-16168,-3802,S
189847,119328,-9,-3,-8,2099,-16089,-3745,S
189929,119370,-15,-9,-4,2276,-16124,-3902,S
190028,119544,-10,1,-6,2194,-16018,-3890,S
190110,118675,10,-5,11,2144,-15990,-3791,S
190192,117249,-4,-6,3,2344,-16259,-4042,S
190289,117500,-6,1,6,2297,-16014,-3840,S
190371,117953,-3,-13,-1,2258,-16001,-3870,S
190453,118158,-5,1,5,2300,-16114,-3838,S
190535,118224,8,-3,-1,2318,-16112,-3775,S
190634,118501,1,-4,5,2195,-16147,-3851,S
190716,118712,-6,-7,-5,2179,-15950,-3885,S
190798,118971,0,-6,-1,2306,-16048,-3903,S
190895,119137,4,2,1,2188,-16099,-3936,S
190977,119185,-11,2,-2,2298,-16163,-3961,S
191059,119385,-1,3,4,2169,-16092,-3965,S
191141,118656,2,1,6,2337,-16104,-3710,S
191240,117349,7,1,11,2338,-16084,-3858,S
191322,117669,-13,6,-1,2257,-16103,-3810,S
191404,118093,15,-20,10,2227,-16066,-3881,S
191501,118225,-7,-6,-8,2182,-16070,-3970,S
191583,118398,5,-9,3,2237,-16088,-3857,S
191665,118713,-4,-6,-3,2223,-16112,-3998,S
191747,118954,1,1,-5,2146,-16179,-3810,S
191846,119209,-2,-10,-2,2169,-16029,-3835,S
191928,119384,-14,-1,8,2253,-16063,-3842,S
192010,119518,-5,-3,7,2266,-15984,-3854,S
192107,119707,-2,-7,6,2108,-16117,-3949,S
192189,118080,-4,-3,1,2312,-16067,-4073,S
192271,117654,8,-10,4,2108,-16191,-3934,S
192353,117948,-3,-6,3,2268,-16046,-4060,S
192452,118416,6,-8,10,2267,-16033,-3945,S
192534,118438,3,1,0,2228,-16121,-3909,S
192616,118621,6,-5,3,2272,-15984,-3923,S
192713,118967,0,4,6,2285,-15977,-3916,S
192795,119161,1,-6,7,2227,-16161,-3818,S
192877,119334,6,-4,-3,2198,-16102,-3933,S
192959,119499,9,0,2,2319,-16004,-3917,S
193056,119692,3,3,2,2201,-16108,-3787,S
193138,119510,12,-4,3,2212,-16095,-4004,S
193220,117911,-6,-16,0,2297,-16060,-3935,S
193302,118105,-3,-4,6,2182,-16010,-4085,S
193384,118481,-6,-6,-4,2316,-16108,-4041,S
193481,118742,-24,1,-3,2374,-16146,-3889,S
193563,118779,13,-13,-3,2226,-16152,-3735,S
193645,119001,-1,-1,5,2250,-16023,-3956,S
193727,119218,7,0,4,2022,-16077,-3968,S
193824,119452,-18,-7,1,2195,-16080,-3722,S
193906,119575,-1,4,-1,2319,-16032,-3820,S
193988,119694,-1,-2,3,2296,-16047,-4022,S
194070,119838,-5,1,-3,2168,-16145,-4010,S
194167,118276,-21,-5,-3,2222,-16014,-3968,S
194249,118054,3,1,1,2297,-16121,-3893,S
194331,118333,-3,0,-1,2297,-16070,-3934,S
194413,118725,16,-2,1,2324,-16070,-3730,S
194512,118675,7,0,9,2161,-16033,-3893,S
194593,118903,-14,5,0,2246,-16120,-4031,S
194675,119138,0,-1,-16,2236,-16105,-3934,S
194757,119321,5,-5,9,2282,-16121,-4021,S
194854,119544,-4,-7,-5,2225,-16006,-3756,S
194936,119646,-4,4,0,2201,-16083,-3709,S
195018,119797,-6,2,2,2123,-15959,-3756,S
195100,118971,11,4,10,2200,-15913,-4020,S
195197,117843,18,-9,-6,2272,-16020,-3924,S
195279,118135,-4,3,3,2150,-16135,-3999,S
195361,118571,-5,-14,-4,2295,-16131,-3881,S
195443,118674,-3,-4,1,2158,-16011,-3979,S
195525,118734,-12,0,3,2239,-16023,-3993,S
195622,119062,-3,-6,-2,2196,-16109,-3982,S
195704,119315,-11,-6,-6,2179,-15959,-4090,S
195786,119507,-3,4,-3,2256,-16068,-3878,S
195868,119663,-5,-3,4,2317,-16036,-3782,S
195965,119806,-3,-3,-13,2252,-16078,-3788,S
196046,119877,-2,6,6,2269,-16027,-4007,S
196128,118676,-8,2,7,2335,-15986,-3888,S
196210,117943,5,-6,14,2285,-15967,-3933,S
196291,118121,3,-7,7,2272,-16012,-3955,S
196373,118542,-3,4,5,2307,-16015,-3922,S
196470,118604,-6,-3,-6,2280,-15949,-4032,S
196552,118896,-8,-5,2,2296,-15921,-4013,S
196634,119272,-8,0,-1,2210,-16039,-3910,S
196716,119503,-3,-1,3,2368,-16009,-3788,S
196813,119774,-7,-12,6,2292,-16036,-3920,S
196895,119918,-11,-1,-6,2171,-16023,-3659,S
196977,120073,-6,4,9,2327,-15905,-3757,S
197059,120176,-11,17,6,2188,-16095,-3961,S
197156,118251,-3,-7,-8,2248,-16026,-3946,S
197238,118355,13,2,-2,2273,-16054,-3810,S
197320,118672,-14,-9,2,2325,-16095,-3999,S
197402,119120,-4,-5,0,2217,-16001,-4031,S
197484,119260,7,-6,2,2237,-16086,-3918,S
197581,119584,7,2,0,2245,-15880,-3961,S
197662,119850,5,-8,3,2191,-15990,-3916,S
197744,119986,2,-7,5,2259,-16025,-3917,S
197826,120158,1,1,0,2208,-15930,-3890,S
197907,120246,-6,-2,7,2166,-16083,-3902,S
198006,120445,-4,-2,-5,2083,-16003,-3972,S
198088,119646,-7,7,2,2106,-16145,-3912,S
198170,118656,2,-4,7,2305,-16166,-3984,S
198251,118934,-4,-7,13,2334,-15984,-3964,S
198348,119345,7,4,-3,2386,-16065,-4034,S
198430,119265,-16,-2,-2,2227,-16086,-4006,S
198512,119361,-12,2,3,2284,-16205,-3781,S
198594,119609,-3,-9,2,2126,-16161,-3802,S
198691,119850,1,-4,-6,2159,-15961,-3917,S
198773,120009,-8,-1,0,2169,-16042,-3752,S
198855,120130,-1,1,4,2347,-16119,-3801,S
198937,120270,-7,0,6,2166,-16168,-4026,S
199019,120191,8,-8,4,2199,-16050,-3924,S
199116,118484,-3,0,-5,2339,-16078,-3992,S
199198,118648,1,-4,1,2196,-16108,-3834,S
199280,118879,0,-7,3,2263,-16027,-3982,S
199361,119137,1,-3,2,2206,-15946,-4008,S
199443,119121,7,-3,-22,2218,-16088,-3889,S
199540,119359,-3,3,2,2173,-16061,-4076,S
199622,120343,-2,-3,-12,2203,-16012,-3909,S
199704,119816,-4,-19,-5,2201,-15930,-4092,S
199786,119981,-14,-1,-3,2209,-15996,-3940,S
199883,120137,-8,-6,7,2240,-16012,-3947,S
199965,120271,-1,1,-2,2141,-15997,-3796,S
200047,119830,3,-4,3,2182,-16042,-4049,S
200129,118396,-15,-3,-6,2171,-15971,-4007,S
200226,118579,-15,-3,3,2198,-15898,-3944,S
200308,118889,16,1,6,2214,-15969,-3828,S
200390,119101,-6,-4,-1,2198,-16069,-3945,S
200472,119170,-3,-5,-1,2192,-16064,-4046,S
200571,119487,-16,-8,5,2127,-16070,-3744,S
200653,119689,2,-10,-2,2239,-15980,-3948,S
200735,119880,-3,-1,-3,2290,-16106,-4049,S
200832,120089,-1,-6,0,2275,-16067,-3815,S
200914,120129,-1,-3,0,2323,-16057,-3839,S
200996,120260,-5,0,-2,2258,-16006,-3944,S
201078,119609,0,7,-3,2300,-16047,-3847,S
201175,118722,-4,2,3,2236,-15939,-3837,S
201257,118996,-2,-6,1,1982,-16107,-4040,S
201339,119344,8,-2,-10,2195,-15975,-4014,S
201421,119456,-10,-10,2,2150,-16033,-3944,S
201503,119603,-5,-4,-9,2212,-16080,-3764,S
201601,120090,2,-19,-3,2347,-16062,-3931,S
201683,120352,5,3,-1,2068,-16193,-3976,S
201765,120516,7,-4,-4,2276,-16123,-3885,S
201862,120635,7,-5,-2,2336,-16079,-3983,S
201943,120793,-9,5,0,2133,-15878,-3862,S
202025,120301,-2,-4,-2,2249,-16076,-4021,S
202107,119260,-12,2,-10,2235,-15946,-3889,S
202189,119527,-8,4,-3,2127,-15958,-3890,S
202286,119900,9,-1,-2,2158,-15969,-3949,S
202368,119904,-16,-15,-2,2190,-16058,-3876,S
202450,119926,2,7,3,2296,-16159,-3887,S
202532,120110,2,0,-4,2338,-16186,-3987,S
202631,120242,-3,1,-1,2228,-15897,-3980,S
202713,120305,5,-5,6,2189,-16128,-3812,S
202795,120431,2,-5,0,2399,-16058,-3969,S
202876,120441,16,-8,0,2185,-15985,-3988,S
202973,120422,5,-5,-3,2293,-15993,-3916,S
203055,118852,-9,-2,5,2242,-15976,-3872,S
203137,118298,11,-1,-9,2161,-16122,-3917,S
203219,118466,-4,-5,7,2129,-16091,-3992,S
203316,118919,7,3,-3,2266,-16018,-3872,S
203398,118944,-11,-11,-1,2308,-15902,-3911,S
203480,119106,6,1,3,2249,-16012,-3874,S
203562,119380,-11,-7,17,2217,-16037,-3671,S
203661,119647,-5,-3,1,2143,-16169,-3789,S
203743,119823,-6,-7,-5,2220,-16070,-4048,S
203825,119949,8,-8,-2,2200,-15795,-3836,S
203922,120116,-8,4,-11,2240,-16128,-3966,S
204004,119668,-5,1,3,2326,-16118,-3884,S
204086,118191,-16,-2,-4,2308,-16004,-4027,S
204168,118254,-3,-1,2,2257,-16000,-3822,S
204265,118678,1,-5,-4,2388,-16130,-3997,S
204347,118880,-2,-1,3,2273,-15992,-3818,S
204429,118894,-2,4,3,2258,-16024,-3815,S
204511,119107,-2,3,-1,2246,-16068,-4030,S
204593,119440,6,-15,-6,2152,-16045,-3808,S
204690,119725,-1,2,1,2235,-16129,-3995,S
204772,118157,9,3,2,2203,-16130,-3965,S
204854,120004,4,3,-11,2198,-16049,-3917,S
204936,120140,6,-5,7,2271,-15914,-3903,S
205033,118958,-4,-3,-3,2214,-16052,-4031,S
205115,118146,13,-6,1,2348,-15966,-3904,S
205197,118342,-6,-6,5,2265,-16080,-3884,S
205279,118777,4,-5,3,2121,-16134,-3861,S
205376,118909,-5,-9,0,2193,-16029,-3824,S
205458,118995,5,-10,-4,2159,-15968,-3855,S
205540,119092,6,-3,0,2159,-16025,-3908,S
205622,119217,-1,-9,10,2241,-15955,-3909,S
205721,119409,-1,7,3,2091,-16036,-3893,S
205803,119540,6,-5,9,2175,-16077,-3972,S
205885,119580,0,1,6,2247,-16028,-3931,S
205982,118824,-3,6,5,2251,-15976,-4021,S
206064,117028,-13,-2,1,2230,-16239,-4041,S
206146,117327,4,-2,0,2102,-16063,-3766,S
206228,117873,-5,-2,2,2169,-15917,-3890,S
206327,118252,-22,-6,-5,2294,-16095,-3804,S
206409,118411,5,-1,5,2099,-16013,-3888,S
206490,118739,2,-5,2,2289,-16088,-3899,S
206572,119016,-10,7,-5,2136,-16082,-3959,S
206669,119291,-8,-3,4,2268,-16183,-3801,S
206751,119450,-1,-7,4,2195,-16025,-3944,S
206833,119555,0,-5,2,2162,-16045,-3932,S
206915,119380,-11,-3,5,2237,-16032,-3857,S
207012,117656,9,-8,0,2333,-16124,-3886,S
207094,117908,5,4,-4,2203,-16063,-3671,S
207176,118315,-2,-5,5,2182,-16054,-3952,S
207258,118433,-12,0,0,2167,-16016,-3957,S
207357,118489,5,-1,12,2126,-15990,-4053,S
207439,118735,6,-11,3,2326,-15977,-3859,S
207521,118936,-4,-15,3,2202,-16126,-3867,S
207618,119210,2,-3,10,2112,-15955,-3774,S
207699,119427,-6,-3,3,2135,-16010,-3859,S
207781,119621,-3,-12,-1,2305,-16166,-3893,S
207863,118998,4,8,6,2283,-16092,-3816,S
207945,117583,-4,-2,-5,2208,-16134,-3970,S
208042,117760,-10,0,2,2205,-16007,-3892,S
208124,118135,-5,-2,2,2218,-16061,-3923,S
208206,118238,-8,-5,9,2194,-16131,-3935,S
208288,118289,-8,-2,6,2282,-16152,-3772,S
208387,118668,-5,-5,-5,2198,-16104,-3845,S
208469,118896,16,4,4,2205,-16057,-3813,S
208551,119088,3,-4,-3,2168,-15932,-3778,S
208648,119291,-10,-3,4,2255,-16188,-3851,S
208730,119414,-7,-8,-1,2233,-16054,-3830,S
208812,118967,9,1,15,2312,-16239,-3782,S
208894,117410,-3,-8,-6,2228,-16108,-3796,S
208993,117484,-12,-6,-5,2237,-15983,-3827,S
209075,117809,-5,-13,4,2194,-16013,-3878,S
209157,117989,8,2,10,2170,-16116,-3908,S
209254,118111,-18,-7,1,2232,-16041,-3753,S
209336,118420,-13,-9,-2,2217,-16203,-3763,S
209418,118734,-12,-2,-3,2154,-16009,-3908,S
209500,118944,4,-5,5,2339,-16006,-3834,S
209597,119173,7,-2,4,2259,-15991,-3882,S
209679,119302,-10,-1,-2,2144,-16072,-3783,S
209761,119373,-2,1,3,2193,-16131,-3878,S
209843,117739,-12,-4,-9,2108,-16095,-3810,S
209925,117345,5,-6,-6,2245,-16182,-3807,S
210022,117554,-1,-10,0,2235,-15990,-3791,S
210104,118862,-2,1,0,2283,-16086,-3852,S
210186,117957,-10,-4,-6,2237,-16179,-3934,S
210268,118139,4,-9,8,2280,-16139,-3888,S
210365,118481,1,-5,-7,2196,-16149,-3864,S
210447,118696,0,-3,-16,2370,-15987,-3837,S
210529,118921,2,1,-3,2169,-16051,-3952,S
210611,119104,-1,-6,-8,2210,-16065,-3923,S
210708,119385,-8,0,6,2245,-16184,-4011,S
210790,119014,-5,-3,3,2257,-16023,-3845,S
210872,117356,-7,-7,-6,2231,-16171,-3906,S
210954,117424,1,-9,0,2363,-16077,-3853,S
211053,117874,-5,0,7,2260,-16097,-3830,S
211135,118046,1,4,-3,2106,-16155,-3862,S
211217,118122,0,-6,4,2277,-16051,-3769,S
211314,118502,-9,-2,1,2293,-16054,-3888,S
211396,118723,-24,0,4,2213,-16267,-4019,S
211478,118939,7,-12,-2,2197,-16162,-3916,S
211560,119130,-11,-4,1,2240,-16056,-3889,S
211659,119278,-6,-9,-2,2243,-16165,-3782,S
211741,119470,0,-5,1,2204,-16013,-3854,S
211823,118830,6,-4,8,2245,-16086,-3901,S
211920,117636,2,-2,-2,2262,-15980,-3866,S
212002,117860,-3,5,1,2236,-16014,-3902,S
212084,118282,-3,-9,0,2328,-16029,-3990,S
